样本,最大区域月能量平衡残差_GWh,最小节点总入流Q_GWh,碳流线性系统最大条件数,来源份额行和最大偏差,碳势全部有限,调和通道非负损耗最小值_GWh,责任守恒相对误差
1,3.623767952376511e-13,272.27176038157336,6.408084089677857,3.3306690738754696e-16,True,-7.628661360770115e-17,0.0
2,4.689582056016661e-13,283.3641135905104,6.392518689879546,2.220446049250313e-16,True,-1.1499361635722834e-16,2.012678437913868e-16
3,2.913225216616411e-13,283.30548783079354,6.322202100877085,3.3306690738754696e-16,True,-1.0195658088477367e-14,2.0112178597909787e-16
4,4.547473508864641e-13,276.3838300907258,6.335343843148299,2.220446049250313e-16,True,-2.064950492921805e-15,0.0
5,4.334310688136611e-13,276.9558290237135,6.351752579937943,2.220446049250313e-16,True,-1.0545936576866155e-15,0.0
6,4.050093593832571e-13,278.41466230295066,6.383148059502728,2.220446049250313e-16,True,-1.2850788675777807e-15,2.0156107406288945e-16
7,2.913225216616411e-13,277.954511141645,6.393691515284197,3.3306690738754696e-16,True,-1.6531843278122342e-16,0.0
8,4.050093593832571e-13,273.6780429747074,6.388011743299492,4.440892098500626e-16,True,0.0,0.0
9,4.476419235288631e-13,277.94429135170776,6.370140060966357,4.440892098500626e-16,True,-5.78376280626011e-16,0.0
10,4.227729277772596e-13,279.41756810409686,6.356693721647906,4.440892098500626e-16,True,-1.0408712967700594e-15,0.0
11,4.689582056016661e-13,279.2856448595702,6.377332054262976,2.220446049250313e-16,True,-4.496177968708012e-16,2.0124072250434326e-16
12,2.0605739337042905e-13,281.22595612912426,6.418430158780971,2.220446049250313e-16,True,-2.9468976793067595e-16,0.0
13,4.405364961712621e-13,273.21679126044563,6.480578221954985,4.440892098500626e-16,True,-3.2443551520121467e-16,2.0130592959846394e-16
14,6.252776074688882e-13,276.8690305390874,6.403662256356482,4.440892098500626e-16,True,-5.326639695721214e-15,0.0
15,4.725109192804666e-13,275.80926204795617,6.534597998010916,3.3306690738754696e-16,True,-8.506377052560419e-15,0.0
16,2.4868995751603507e-13,273.4259654825715,6.4637913263554365,4.440892098500626e-16,True,-4.1677314177276707e-16,0.0
17,5.400124791776761e-13,284.7517670964581,6.344760259505228,4.440892098500626e-16,True,-5.77495597344469e-17,0.0
18,4.476419235288631e-13,278.6933150886558,6.417128978145231,2.220446049250313e-16,True,0.0,0.0
19,4.192202140984591e-13,277.3344303506865,6.3765047648608455,2.220446049250313e-16,True,-4.2187210206225715e-16,2.015313516601586e-16
20,4.121147867408581e-13,276.73179549264705,6.4946886531351415,2.220446049250313e-16,True,-5.414433709410587e-17,2.0207694068822252e-16
21,4.085620730620576e-13,285.0010007172433,6.376584786377555,2.220446049250313e-16,True,-1.2211772500797688e-15,0.0
22,3.126388037344441e-13,279.7116513133856,6.339075662601599,4.440892098500626e-16,True,-3.239292565666776e-14,0.0
23,3.410605131648481e-13,274.4322304691686,6.399233919910798,3.3306690738754696e-16,True,-1.4512315052334035e-15,0.0
24,4.050093593832571e-13,277.03581352364006,6.455054457616816,3.3306690738754696e-16,True,-8.259369930602215e-17,0.0
25,5.613287612504791e-13,280.30114468236513,6.398140071567128,4.440892098500626e-16,True,-4.539243645391213e-16,2.0101102379376097e-16
26,4.689582056016661e-13,278.07043539764624,6.355245288619451,2.220446049250313e-16,True,-4.3353475269919915e-15,0.0
27,2.8421709430404007e-13,277.2264987926001,6.418905997383184,4.440892098500626e-16,True,-6.883898960521151e-15,2.013173709175809e-16
28,3.446132268436486e-13,279.7196536700874,6.323882268878114,2.220446049250313e-16,True,-5.5161733376405826e-15,0.0
29,4.263256414560601e-13,276.3402554079706,6.448807434334013,4.440892098500626e-16,True,-4.5591896260070884e-17,0.0
30,3.694822225952521e-13,276.7596735866614,6.479245996344138,3.3306690738754696e-16,True,-1.1649561386612676e-16,2.0128974798533896e-16
31,4.689582056016661e-13,280.0497133232162,6.335615422021828,2.220446049250313e-16,True,-1.2964343791300294e-15,2.0128893330825898e-16
32,4.263256414560601e-13,273.11971130486256,6.5410537367650585,2.220446049250313e-16,True,-2.1154490384043642e-15,0.0
33,3.907985046680551e-13,275.43438122724154,6.38646608769692,4.440892098500626e-16,True,-5.286855954330855e-15,2.0142636770773554e-16
34,3.979039320256561e-13,276.8491434091143,6.390962205905,2.220446049250313e-16,True,-6.21454742118218e-15,0.0
35,4.227729277772596e-13,280.46460422072863,6.385410939894259,4.440892098500626e-16,True,-1.680907189440673e-14,0.0
36,3.204103649068202e-13,278.86584735081794,6.334428129831466,2.220446049250313e-16,True,-4.553156316119316e-16,0.0
37,3.019806626980426e-13,278.18809737445923,6.3650594092656005,2.220446049250313e-16,True,-1.6000977464022047e-15,2.013468117769424e-16
38,2.8066438062523957e-13,277.04098649218315,6.4703669143713745,2.220446049250313e-16,True,-6.196927111351172e-15,2.0147287132200066e-16
39,3.588240815588506e-13,274.22103390467015,6.4471582106943535,3.3306690738754696e-16,True,-4.954223110748974e-15,2.010382726958496e-16
40,4.654054919228656e-13,277.1547279147709,6.353604675734375,3.3306690738754696e-16,True,-9.902509452200014e-18,2.014630441112786e-16
41,4.990053509290604e-13,276.82094264303674,6.4213630387712275,2.220446049250313e-16,True,-9.832027749345063e-15,0.0
42,3.9612757518625585e-13,283.12841301311164,6.377413089652807,3.3306690738754696e-16,True,-3.38806624281475e-16,0.0
43,6.181721801112872e-13,278.8806528153781,6.439575718126796,4.440892098500626e-16,True,-5.958788766277943e-16,0.0
44,3.979039320256561e-13,281.61852873014,6.524470492423534,2.220446049250313e-16,True,-7.608098515285252e-16,0.0
45,4.5297099404706387e-13,271.61650694851625,6.466302622830387,2.220446049250313e-16,True,-7.911505210673416e-16,0.0
46,3.765876499528531e-13,279.3734275154567,6.411020016149706,2.220446049250313e-16,True,-1.463961989193854e-15,0.0
47,2.2026824808563106e-13,277.12633028122684,6.410690750530421,3.3306690738754696e-16,True,-6.016815038877444e-16,2.0118852593250374e-16
48,4.050093593832571e-13,276.74664540806396,6.410647250831732,3.3306690738754696e-16,True,-1.1409498127963779e-16,2.0137886968311298e-16
49,5.506706202140776e-13,274.93755017178063,6.428744206782099,2.220446049250313e-16,True,-1.19873278338553e-15,0.0
50,3.765876499528531e-13,276.87410068172153,6.328611443485701,4.440892098500626e-16,True,-1.6695770320899622e-14,0.0
51,4.405364961712621e-13,279.3255715450764,6.504253885633032,2.220446049250313e-16,True,-1.197852166989199e-15,2.015389334181316e-16
52,2.913225216616411e-13,280.0073972817305,6.449675200675147,4.440892098500626e-16,True,-3.896865271280765e-15,0.0
53,4.405364961712621e-13,277.1352678906678,6.409566318444421,2.220446049250313e-16,True,-3.5777752275317876e-16,2.0173948618931334e-16
54,3.907985046680551e-13,275.02359551321695,6.444627656992818,2.220446049250313e-16,True,-6.651851811520382e-16,0.0
55,3.694822225952521e-13,275.74861003865726,6.512237260080833,2.220446049250313e-16,True,-2.8686730406198482e-15,0.0
56,3.410605131648481e-13,276.2380109719823,6.502393618920519,2.220446049250313e-16,True,-2.28065008123812e-15,0.0
57,4.547473508864641e-13,277.2035745734905,6.363534923299663,4.440892098500626e-16,True,-2.9112423072736236e-16,0.0
58,5.826450433232822e-13,272.0665863419138,6.414863590682945,2.220446049250313e-16,True,-1.7460118361544262e-16,0.0
59,4.831690603168681e-13,276.9848426408955,6.357324158065087,3.3306690738754696e-16,True,-6.600062347551533e-18,2.0090022196122709e-16
60,3.0020430585864233e-13,282.80687031195066,6.4890684999911965,2.220446049250313e-16,True,-6.17987854906371e-15,2.01502363930834e-16
61,3.801403636316536e-13,273.72291556773223,6.444908189336162,3.3306690738754696e-16,True,-5.654218754587661e-16,2.0094677600402866e-16
62,3.623767952376511e-13,276.5569326574488,6.4310862217439455,4.440892098500626e-16,True,-2.5297169093172225e-15,0.0
63,2.984279490192421e-13,278.33156102233613,6.381578261496792,2.220446049250313e-16,True,-2.7903614356804537e-15,0.0
64,3.588240815588506e-13,277.82327440111663,6.3857987910022835,3.3306690738754696e-16,True,-2.0702468815677437e-15,2.010930753931343e-16
65,4.476419235288631e-13,278.35959359979654,6.385323275542276,2.220446049250313e-16,True,-2.3757135522594513e-16,2.0126716261581603e-16
66,4.831690603168681e-13,277.47707365311567,6.457107017234578,4.440892098500626e-16,True,-1.5390522827491652e-16,0.0
67,4.440892098500626e-13,280.6891221651592,6.454274150654353,2.220446049250313e-16,True,-3.5152261952451764e-15,0.0
68,3.339550858072471e-13,277.75112021079815,6.459131837394972,3.3306690738754696e-16,True,0.0,0.0
69,9.183487303943139e-13,279.7293229912821,6.3729681872768085,4.440892098500626e-16,True,-1.1010441868292285e-14,2.0117246878164217e-16
70,7.255238076986359e-13,283.67785926107064,6.283213671870068,3.3306690738754696e-16,True,-8.166851124661062e-15,2.0145451612904978e-16
71,3.7481129311345285e-13,279.18523935261885,6.3439746820069125,4.440892098500626e-16,True,-8.127570808785962e-16,0.0
72,3.268496584496461e-13,281.6014236993309,6.251949254615286,2.220446049250313e-16,True,-2.202165082178647e-15,0.0
73,4.902744876744691e-13,278.82726530074854,6.4115931498611785,2.220446049250313e-16,True,-9.291367564452353e-16,0.0
74,4.334310688136611e-13,275.1127035388703,6.433631250092854,2.220446049250313e-16,True,-1.0268531244375006e-14,2.0080445027069857e-16
75,4.618527782440651e-13,280.93089724283607,6.403810882478829,2.220446049250313e-16,True,-1.6360454574438106e-16,0.0
76,5.009326287108706e-13,278.0715303895422,6.429928954054307,2.220446049250313e-16,True,-2.1802125528749168e-17,0.0
77,3.872457909892546e-13,276.9948389181804,6.370900959772965,2.220446049250313e-16,True,-3.1727516656605585e-14,0.0
78,4.760636329592671e-13,281.02598206737014,6.436217794103117,2.220446049250313e-16,True,-7.587014594855575e-15,0.0
79,2.984279490192421e-13,272.6813336364471,6.49896369939487,2.220446049250313e-16,True,-2.242743071036484e-17,2.016211543697469e-16
80,3.730349362740526e-13,282.82372586379233,6.413223196054521,2.220446049250313e-16,True,-2.4920763204807102e-17,0.0
81,3.979039320256561e-13,277.39986614415733,6.405800464518074,3.3306690738754696e-16,True,-1.15271754025208e-15,0.0
82,4.121147867408581e-13,279.23140987873205,6.367168175887075,3.3306690738754696e-16,True,-3.357859784231642e-15,2.0131511523010412e-16
83,3.907985046680551e-13,276.89006818066275,6.3791318331098275,4.440892098500626e-16,True,-4.4187803737768894e-17,0.0
84,3.623767952376511e-13,278.0930762611841,6.396874799142014,4.440892098500626e-16,True,-4.758820119443652e-16,2.0193215680883805e-16
85,9.693378912045691e-13,270.9636943822072,6.456725182093672,3.3306690738754696e-16,True,-1.0246177131169142e-14,0.0
86,3.232969447708456e-13,274.9846099536901,6.401914884866201,3.3306690738754696e-16,True,-5.1017992188223564e-15,2.0179853065238926e-16
87,3.126388037344441e-13,271.26755096412927,6.381081576461036,4.440892098500626e-16,True,-2.298997942176693e-16,0.0
88,3.765876499528531e-13,274.62035667401165,6.469908692470438,4.440892098500626e-16,True,-2.5249101421398723e-16,2.0124498086893352e-16
89,3.836930773104541e-13,275.855598226405,6.3824483310688125,2.220446049250313e-16,True,-3.5458169989637254e-16,0.0
90,4.121147867408581e-13,273.29209627223327,6.532563453080284,3.3306690738754696e-16,True,-3.2994519960642195e-15,0.0
91,5.115907697472721e-13,276.8982545014988,6.472199456878283,4.440892098500626e-16,True,-2.364598904285029e-15,0.0
92,3.410605131648481e-13,276.75342055159877,6.476890424903294,4.440892098500626e-16,True,-2.3389872082041162e-15,0.0
93,4.654054919228656e-13,276.85818378811075,6.3582411624246005,2.220446049250313e-16,True,-8.932410956809835e-16,2.014591716851516e-16
94,3.765876499528531e-13,278.38466090060564,6.380710038084681,3.3306690738754696e-16,True,-4.9241657908102324e-15,2.014295017096814e-16
95,4.547473508864641e-13,276.64020838643336,6.410036439896463,2.220446049250313e-16,True,-8.391104590171076e-17,0.0
96,3.339550858072471e-13,281.50767500969954,6.397576645617514,2.220446049250313e-16,True,-1.2022537695756115e-16,2.0143441579758136e-16
97,2.877698079828406e-13,280.26592984618225,6.403308545497933,2.220446049250313e-16,True,-1.1408208701935248e-17,0.0
98,3.304023721284466e-13,280.7586325694408,6.427866204491494,2.220446049250313e-16,True,-1.9071944102992898e-16,2.0150652553050576e-16
99,3.552713678800501e-13,273.37153048330737,6.436813460862504,4.440892098500626e-16,True,-3.431737592395167e-15,0.0
100,3.730349362740526e-13,281.16782549274154,6.403275487332499,2.220446049250313e-16,True,-5.551162766997419e-15,2.0164735387081897e-16
101,4.121147867408581e-13,281.9677901474423,6.415797083525282,3.3306690738754696e-16,True,-3.528197029905895e-16,0.0
102,4.1966430330830917e-13,277.8024921677435,6.34043140491801,2.220446049250313e-16,True,-1.2611494847404762e-17,0.0
103,2.2737367544323206e-13,277.1840007021545,6.46645085986725,2.220446049250313e-16,True,-1.0216065899434453e-17,0.0
104,3.872457909892546e-13,273.91063053194364,6.445424610024802,3.3306690738754696e-16,True,-1.3253181890166096e-17,0.0
105,4.867217739956686e-13,281.27064383075526,6.4783549809710435,3.3306690738754696e-16,True,-1.4387483964654908e-15,2.011167977984786e-16
106,3.517186542012496e-13,277.1398733184985,6.487345381276816,4.440892098500626e-16,True,-1.116129967955403e-16,2.0172599630320355e-16
107,6.252776074688882e-13,280.6021234657772,6.412418952946186,2.220446049250313e-16,True,-4.3102664877373785e-15,2.0123688063431542e-16
108,4.902744876744691e-13,272.91609408550374,6.406084990274281,4.440892098500626e-16,True,-4.2683856177117945e-15,0.0
109,3.979039320256561e-13,275.35627717210355,6.446077716913583,3.3306690738754696e-16,True,-9.62022925735317e-17,0.0
110,4.973799150320701e-13,278.0187063664682,6.471188484461048,2.220446049250313e-16,True,-2.04192259173363e-15,0.0
111,3.801403636316536e-13,276.7477418099427,6.433623030763752,2.220446049250313e-16,True,-5.92126425154092e-16,2.009614859342918e-16
112,4.014566457044566e-13,280.5738894095565,6.304102496715486,2.220446049250313e-16,True,-1.6596623207610628e-15,0.0
113,6.039613253960852e-13,277.3420319429212,6.363056618529178,2.220446049250313e-16,True,-6.080463914577263e-15,2.0155589251352508e-16
114,5.826450433232822e-13,276.4331518274306,6.402095811502289,2.220446049250313e-16,True,-4.605851498602089e-15,2.013318763160874e-16
115,2.984279490192421e-13,281.1924171906865,6.389273651253194,4.440892098500626e-16,True,-1.8610332786259317e-15,0.0
116,4.263256414560601e-13,272.12309146269854,6.441965464545662,3.3306690738754696e-16,True,-1.2413397169785254e-16,0.0
117,3.872457909892546e-13,281.6572291592017,6.335877210029214,3.3306690738754696e-16,True,-2.364002007858032e-17,0.0
118,4.263256414560601e-13,276.3010390946814,6.506102092178926,4.440892098500626e-16,True,-1.4895049032520033e-15,0.0
119,3.126388037344441e-13,271.7480956966476,6.391874097394324,4.440892098500626e-16,True,-8.149167028116223e-17,0.0
120,3.055333763768431e-13,273.5846874241603,6.448248992430015,2.220446049250313e-16,True,-4.008756548093002e-15,0.0
121,6.732392421326949e-13,280.6984983495001,6.399224884424666,3.3306690738754696e-16,True,-2.869016494452246e-16,0.0
122,4.121147867408581e-13,276.605825467669,6.414636252812036,2.220446049250313e-16,True,-1.2663439294883116e-17,0.0
123,4.334310688136611e-13,274.4735455624682,6.376370051585381,2.220446049250313e-16,True,-3.031037291132383e-15,0.0
124,5.542233338928781e-13,272.11236703267343,6.4768189919577965,2.220446049250313e-16,True,-1.1838065250317005e-14,0.0
125,3.410605131648481e-13,288.6557055996975,6.537598896713368,3.3306690738754696e-16,True,-4.031609042459414e-17,2.013189522610449e-16
126,5.471179065352771e-13,277.8186557827421,6.304350464348159,2.220446049250313e-16,True,-2.4489384517273263e-15,0.0
127,3.9257486150745535e-13,272.9120861247044,6.4199153767876025,4.440892098500626e-16,True,-1.23081932835297e-16,2.017458863957553e-16
128,3.339550858072471e-13,277.1422912537646,6.430746335925252,3.3306690738754696e-16,True,-1.4629949886960627e-16,0.0
129,3.126388037344441e-13,274.0251530754901,6.474692379824401,2.220446049250313e-16,True,-3.6282846739979923e-16,0.0
130,4.902744876744691e-13,270.1270979092192,6.54293923506525,2.220446049250313e-16,True,-4.281269909128514e-17,0.0
131,5.897504706808832e-13,279.15242814932174,6.4855768678309005,3.3306690738754696e-16,True,-1.5409856879084093e-15,0.0
132,3.552713678800501e-13,275.6335010230496,6.363652500898355,2.220446049250313e-16,True,-9.498454026835208e-17,0.0
133,3.907985046680551e-13,278.59502158852973,6.313427404999186,2.220446049250313e-16,True,-1.2949011339216831e-15,0.0
134,3.907985046680551e-13,276.41177829022024,6.3314018741540545,2.220446049250313e-16,True,-1.5983083325292114e-16,0.0
135,3.836930773104541e-13,269.4928770296746,6.503122027644615,2.220446049250313e-16,True,-8.871176315525552e-17,0.0
136,3.765876499528531e-13,276.44541675824144,6.6057656938390545,2.220446049250313e-16,True,-9.160747266155348e-17,2.015930230597026e-16
137,3.694822225952521e-13,271.02385095299036,6.4275985523478845,2.220446049250313e-16,True,-9.896833174947964e-16,0.0
138,4.050093593832571e-13,276.3299335971873,6.364208947240552,2.220446049250313e-16,True,-1.6137325017737106e-15,2.0124547947184406e-16
139,3.268496584496461e-13,283.2097254596232,6.422310819170562,2.220446049250313e-16,True,-1.2450118334327814e-16,0.0
140,5.098144129078719e-13,279.8039253450358,6.353529843611308,3.3306690738754696e-16,True,-5.128127335729592e-16,0.0
141,3.446132268436486e-13,281.53724724623595,6.448263617409008,2.220446049250313e-16,True,-1.9340228765103366e-16,0.0
142,2.984279490192421e-13,274.74674802429126,6.352784533553921,2.220446049250313e-16,True,-1.0823355335754897e-16,2.0109415460725652e-16
143,3.907985046680551e-13,273.27728540084775,6.385885682480613,2.220446049250313e-16,True,-3.2791421471801157e-17,2.0116889379949545e-16
144,3.694822225952521e-13,280.3971745559352,6.396565628189867,2.220446049250313e-16,True,-5.799847108854296e-15,0.0
145,5.684341886080801e-13,269.93225817821366,6.411247517279821,2.220446049250313e-16,True,-9.033337262392439e-17,0.0
146,4.263256414560601e-13,275.6899736922914,6.396373838775711,4.440892098500626e-16,True,-1.4824287917510369e-15,0.0
147,3.694822225952521e-13,274.0488611495211,6.432216456675089,2.220446049250313e-16,True,-1.1272372561110782e-14,2.012267068255855e-16
148,4.369837824924616e-13,281.8175948614522,6.489801815642324,2.220446049250313e-16,True,-4.6064363753519115e-15,2.018898609330334e-16
149,2.7000623958883807e-13,274.38821693188186,6.4344332051574415,2.220446049250313e-16,True,-8.675160627631078e-16,2.0108384566669167e-16
150,5.258016244624741e-13,273.8201577282405,6.324494512736877,2.220446049250313e-16,True,-4.064290290176616e-15,0.0
151,6.394884621840902e-13,274.03505755465363,6.330011994110581,3.3306690738754696e-16,True,-3.090346645475012e-16,2.0143312823878202e-16
152,3.765876499528531e-13,278.4313146827262,6.441903704405557,4.440892098500626e-16,True,-5.627327451676634e-16,2.0146170599752293e-16
153,4.405364961712621e-13,278.21081200872845,6.447674261329874,4.440892098500626e-16,True,-6.478784026720635e-15,2.0095945419991032e-16
154,3.765876499528531e-13,277.23364088340463,6.454045075943492,3.3306690738754696e-16,True,-7.983035674336033e-15,2.0131292372121797e-16
155,2.984279490192421e-13,277.36071824993854,6.403366382343242,3.3306690738754696e-16,True,-1.069878450374521e-17,0.0
156,4.334310688136611e-13,276.3374434502381,6.3445865502344985,3.3306690738754696e-16,True,-1.8767760712916955e-15,0.0
157,5.719869022868806e-13,279.50900719355,6.494159742343574,2.220446049250313e-16,True,0.0,0.0
158,2.6645352591003757e-13,275.3333227568661,6.359604473829906,2.220446049250313e-16,True,-1.3184515139001913e-15,0.0
159,6.536993168992922e-13,277.96545158058757,6.412961500185072,2.220446049250313e-16,True,-1.8987470387990856e-15,0.0
160,3.055333763768431e-13,279.52384363966735,6.435959451248988,4.440892098500626e-16,True,-5.847582427830176e-16,0.0
161,4.050093593832571e-13,277.0500659263082,6.376161872333222,4.440892098500626e-16,True,-2.8589442470792696e-15,0.0
162,4.227729277772596e-13,280.99496872476993,6.386242683916847,4.440892098500626e-16,True,-1.0632687718826501e-16,0.0
163,4.760636329592671e-13,273.72627885226024,6.451864287456594,2.220446049250313e-16,True,-2.909394095152892e-17,0.0
164,3.161915174132446e-13,273.35581968380785,6.45670208701651,2.220446049250313e-16,True,-1.821163248396088e-15,2.0134455208472883e-16
165,3.979039320256561e-13,277.9504580995293,6.30670967774995,2.220446049250313e-16,True,-8.024989774710018e-17,0.0
166,5.258016244624741e-13,276.6893945272945,6.398748140038283,2.220446049250313e-16,True,-2.7830347933863486e-16,0.0
167,4.192202140984591e-13,275.05883570600815,6.354042604663713,4.440892098500626e-16,True,-2.0911836415049756e-16,0.0
168,3.979039320256561e-13,277.98108451685056,6.408451080695597,2.220446049250313e-16,True,-3.6728837445325465e-16,0.0
169,4.547473508864641e-13,275.8264667583943,6.36715534453229,3.3306690738754696e-16,True,-2.332502519904964e-16,2.0137438824017047e-16
170,3.446132268436486e-13,273.0358241126227,6.451706008292983,2.220446049250313e-16,True,-1.6546083044258084e-15,2.0084904409589803e-16
171,3.304023721284466e-13,275.804094341603,6.406802580075365,2.220446049250313e-16,True,-2.3607768259049405e-15,0.0
172,3.197442310920451e-13,275.80493328172383,6.482983958283863,4.440892098500626e-16,True,-1.1212593001100111e-15,0.0
173,3.410605131648481e-13,276.8994971225152,6.486393981211422,2.220446049250313e-16,True,-2.521953733896071e-17,0.0
174,4.121147867408581e-13,275.75608820336606,6.452310876586095,2.220446049250313e-16,True,-8.070992734909222e-15,2.0115150335293202e-16
175,3.304023721284466e-13,283.8010235105786,6.404361066267554,3.3306690738754696e-16,True,-7.354616024868905e-16,0.0
176,7.743619113986799e-13,282.83269482666105,6.361039089477573,2.220446049250313e-16,True,-5.559175083839612e-15,0.0
177,3.979039320256561e-13,280.8134209913565,6.391302649037897,4.440892098500626e-16,True,-2.5662608243684863e-16,0.0
178,3.765876499528531e-13,273.5904382450208,6.446274504715613,2.220446049250313e-16,True,-7.870744165685335e-16,0.0
179,2.877698079828406e-13,275.26128816758285,6.463326521918514,4.440892098500626e-16,True,-4.0070359338547756e-15,0.0
180,3.197442310920451e-13,280.48147734538094,6.357604349229908,3.3306690738754696e-16,True,-2.2310485442697783e-17,0.0
181,3.090860900556436e-13,274.139465575357,6.4107124758206835,3.3306690738754696e-16,True,-4.701289052730788e-16,0.0
182,4.831690603168681e-13,285.5918055796368,6.444565283593543,4.440892098500626e-16,True,-2.511515463630329e-15,0.0
183,3.765876499528531e-13,272.4040742405688,6.4261232845692176,4.440892098500626e-16,True,-3.5164294115669e-16,0.0
184,4.1033842990145786e-13,280.0661911520068,6.38668147425963,3.3306690738754696e-16,True,-4.669368209260928e-16,0.0
185,3.410605131648481e-13,272.78130225789033,6.451336311324994,2.220446049250313e-16,True,-1.11973395370761e-16,2.0089085911946262e-16
186,4.547473508864641e-13,279.20646737650475,6.448829767790772,4.440892098500626e-16,True,-1.4955348143623177e-16,2.0135796680997326e-16
187,3.623767952376511e-13,275.62250286918356,6.525858160075612,2.220446049250313e-16,True,-2.8247601196342673e-15,0.0
188,3.552713678800501e-13,273.74604256471866,6.579427894753396,2.220446049250313e-16,True,-4.777838777079292e-16,2.007809397628777e-16
189,5.542233338928781e-13,277.0340360746251,6.329835531895469,2.220446049250313e-16,True,-2.731316492192247e-16,0.0
190,3.765876499528531e-13,275.5866188335243,6.385800030790822,2.220446049250313e-16,True,-1.8791364309121118e-14,0.0
191,3.907985046680551e-13,279.8741504122384,6.418058432236092,4.440892098500626e-16,True,-1.0808932262863834e-16,0.0
192,4.654054919228656e-13,276.37121352107204,6.493753265911922,2.220446049250313e-16,True,-4.8908391555650435e-15,0.0
193,5.044853423896711e-13,272.5225684226411,6.4836997492236055,4.440892098500626e-16,True,-1.8652433984926936e-15,0.0
194,4.263256414560601e-13,276.4721236531469,6.33123260105362,3.3306690738754696e-16,True,-3.2156236588874915e-16,0.0
195,3.872457909892546e-13,279.27911322486835,6.4746140774343655,2.220446049250313e-16,True,-1.0206449660931381e-16,0.0
196,3.623767952376511e-13,278.03084973008237,6.3533108925452755,2.220446049250313e-16,True,-1.2713415222820803e-17,0.0
197,2.7711166694643907e-13,275.373892124171,6.385362060719646,3.3306690738754696e-16,True,-1.047478512969205e-15,0.0
198,2.8421709430404007e-13,280.2878089861235,6.401774300867445,2.220446049250313e-16,True,-1.0508915325192052e-18,0.0
199,3.694822225952521e-13,279.03575206194523,6.326768129955466,4.440892098500626e-16,True,-2.0102887408534438e-15,2.0125399997426064e-16
200,3.517186542012496e-13,280.4078564960031,6.345696642418013,2.220446049250313e-16,True,-5.132495643016456e-16,2.0137789597172987e-16
201,4.547473508864641e-13,277.46273666365596,6.398360884056448,4.440892098500626e-16,True,-3.771645160713518e-15,0.0
202,3.588240815588506e-13,279.29408808882783,6.490153208350281,2.220446049250313e-16,True,-4.0230127975163677e-16,0.0
203,4.334310688136611e-13,274.12786699883236,6.4051105369319155,3.3306690738754696e-16,True,-2.3701276184197027e-16,0.0
204,3.730349362740526e-13,274.2250160573155,6.553340550133505,2.220446049250313e-16,True,-6.031140277377863e-16,2.0135552336386454e-16
205,4.050093593832571e-13,275.8923322316656,6.323816765400273,4.440892098500626e-16,True,-2.2195297456756705e-15,2.017400518920524e-16
206,3.730349362740526e-13,282.6066878290343,6.350672643641649,2.220446049250313e-16,True,-1.4756979675739339e-15,0.0
207,3.410605131648481e-13,271.62124301247644,6.438442908894813,2.220446049250313e-16,True,-6.889630057447949e-15,0.0
208,2.1671553440683056e-13,275.2311918358856,6.39657831541449,2.220446049250313e-16,True,-5.2600184906887935e-17,2.0078409663368016e-16
209,4.760636329592671e-13,270.2771591929129,6.502987825799104,4.440892098500626e-16,True,-4.3564523159222935e-17,0.0
210,4.121147867408581e-13,273.0444181707898,6.503532289078265,3.3306690738754696e-16,True,-1.8763377069769614e-16,2.011918565188554e-16
211,3.694822225952521e-13,280.97543128584994,6.227563077705277,2.220446049250313e-16,True,-2.136946475057864e-15,2.0182570354212098e-16
212,3.659295089164516e-13,280.9529205757029,6.426858699670167,2.220446049250313e-16,True,-6.308927437743079e-15,2.0093963514711244e-16
213,3.517186542012496e-13,271.9404346828732,6.4922449419855335,3.3306690738754696e-16,True,-1.356461292398437e-15,2.013788691503161e-16
214,2.7000623958883807e-13,275.11907945530436,6.34084810568425,2.220446049250313e-16,True,-6.777651246204279e-15,0.0
215,3.623767952376511e-13,279.2974955552438,6.366941239425411,4.440892098500626e-16,True,-2.5323055890442717e-15,0.0
216,6.194147842211728e-13,279.1662882730302,6.349152176605272,4.440892098500626e-16,True,-4.521544294284722e-15,2.014029079154344e-16
217,3.907985046680551e-13,278.23825406832685,6.41578538103048,4.440892098500626e-16,True,-1.6483006961334466e-15,2.0121191579204368e-16
218,3.979039320256561e-13,277.7988669459561,6.444276461210535,2.220446049250313e-16,True,-6.040283837716704e-15,0.0
219,4.902744876744691e-13,281.8168172212962,6.450918567267316,3.3306690738754696e-16,True,-1.275441458092517e-16,0.0
220,3.481659405224491e-13,275.4093435544194,6.436739799869293,2.220446049250313e-16,True,-6.1556541122678495e-15,2.017404862286561e-16
221,3.730349362740526e-13,277.7802222498461,6.421276444099007,4.440892098500626e-16,True,-1.6316261967827802e-15,0.0
222,4.227729277772596e-13,277.0009195259196,6.42054606504139,2.220446049250313e-16,True,-6.056998955357744e-17,2.0138904066776948e-16
223,4.476419235288631e-13,274.0437244966193,6.365993673628909,2.220446049250313e-16,True,-2.0691610016489545e-15,2.0158765023437715e-16
224,4.760636329592671e-13,277.7125319378633,6.419203759730942,2.220446049250313e-16,True,-2.0424339461869292e-15,2.0104476967217247e-16
225,2.984279490192421e-13,275.51079411790613,6.382144309149617,3.3306690738754696e-16,True,-2.097077917172674e-15,0.0
226,2.984279490192421e-13,276.6881828833161,6.335260528233567,2.220446049250313e-16,True,-6.6864486972670025e-18,2.0149404308588488e-16
227,6.591810430833789e-13,274.00680910856636,6.436662606982619,3.3306690738754696e-16,True,-1.0424627399798217e-14,2.0139540110327268e-16
228,3.268496584496461e-13,279.9521836876474,6.507135641234682,3.3306690738754696e-16,True,-2.3635931395759425e-16,0.0
229,4.831690603168681e-13,280.8757000614338,6.39869243427402,3.3306690738754696e-16,True,-7.6145916204425e-15,0.0
230,5.897504706808832e-13,276.6407213077843,6.558020456689067,2.220446049250313e-16,True,-8.412247494396514e-18,0.0
231,3.055333763768431e-13,275.6669489634759,6.325583257689218,4.440892098500626e-16,True,-1.4305872663862176e-16,2.0121133654759312e-16
232,4.405364961712621e-13,274.5566868424013,6.500981108541355,3.3306690738754696e-16,True,-1.9333543043020243e-15,2.0113316813385237e-16
233,3.836930773104541e-13,275.53885004910296,6.454199618977452,2.220446049250313e-16,True,-1.0808611733746953e-16,0.0
234,3.979039320256561e-13,281.2506469981953,6.317629230233588,4.440892098500626e-16,True,-2.706537766080533e-16,0.0
235,2.4868995751603507e-13,279.7251285670343,6.358999157657462,2.220446049250313e-16,True,-2.2059792311473108e-15,0.0
236,4.733990977001667e-13,275.2287213077505,6.324704026819449,2.220446049250313e-16,True,-9.60984839546046e-15,0.0
237,3.410605131648481e-13,275.7398648772255,6.418523887796933,4.440892098500626e-16,True,-7.872978527024361e-16,0.0
238,3.339550858072471e-13,274.7960410325885,6.478084154910895,4.440892098500626e-16,True,-6.591537353996959e-16,2.0136072475277886e-16
239,3.943512183468556e-13,280.00802982680716,6.407172238110461,2.220446049250313e-16,True,-1.4380182149155232e-16,0.0
240,2.4868995751603507e-13,272.1443593372463,6.451736018010403,3.3306690738754696e-16,True,-2.720083446473696e-16,0.0
241,3.517186542012496e-13,278.2364057433706,6.466615392020306,3.3306690738754696e-16,True,-7.595859370517047e-16,0.0
242,5.044853423896711e-13,277.3095878314077,6.3333256173827674,3.3306690738754696e-16,True,-7.719515862857265e-16,0.0
243,4.547473508864641e-13,277.0661000281322,6.346065488735931,2.220446049250313e-16,True,-1.129329485526256e-15,4.027224258148985e-16
244,4.618527782440651e-13,277.9829371970261,6.431343149194097,3.3306690738754696e-16,True,-1.2568748364174618e-17,2.0191503326825008e-16
245,2.9665159217984183e-13,278.48443135001315,6.369458884504563,3.3306690738754696e-16,True,-2.4117040110307595e-16,0.0
246,1.0084998157758318e-12,278.23398986441384,6.400027994152025,4.440892098500626e-16,True,-1.872434375259868e-15,0.0
247,3.7032182875762487e-13,277.4661603352586,6.350228176960436,3.3306690738754696e-16,True,-4.1237533638944587e-17,0.0
248,4.050093593832571e-13,279.13064359616897,6.393139108845617,3.3306690738754696e-16,True,-6.672263985058806e-17,2.007308125150615e-16
249,4.334310688136611e-13,279.7293279008463,6.413974156202538,2.220446049250313e-16,True,-4.036184868440934e-15,2.0094969452933474e-16
250,3.481659405224491e-13,277.75555564894535,6.363762088207547,2.220446049250313e-16,True,-1.5526693709451018e-16,0.0
251,4.831690603168681e-13,276.44048908558227,6.32244014146257,2.220446049250313e-16,True,-4.375272517231444e-15,2.016664945941931e-16
252,3.694822225952521e-13,283.9648775977115,6.411484143314709,2.220446049250313e-16,True,-1.7592964613312719e-15,2.0141082169518897e-16
253,3.552713678800501e-13,278.7771654877772,6.29266507350833,4.440892098500626e-16,True,-2.7417334350745606e-15,0.0
254,4.511946372076636e-13,275.78437653991756,6.436698411091428,3.3306690738754696e-16,True,-1.260360810785609e-15,2.0144805070993165e-16
255,4.831690603168681e-13,274.4683655411545,6.3768263325803645,4.440892098500626e-16,True,-3.0673142945158075e-17,0.0
256,3.268496584496461e-13,281.0975892991582,6.475052998479594,3.3306690738754696e-16,True,-5.9603137686512144e-15,0.0
257,4.050093593832571e-13,278.93518035172,6.357568035530097,2.220446049250313e-16,True,-1.2113357086763587e-16,2.0080957926644002e-16
258,3.410605131648481e-13,282.3685303177458,6.360780938543214,3.3306690738754696e-16,True,-2.7567077632257664e-16,0.0
259,5.613287612504791e-13,275.5475833988461,6.369067300308123,3.3306690738754696e-16,True,-1.889838577685717e-16,2.0149034344650187e-16
260,2.5579538487363607e-13,274.0917497062296,6.4469891961407075,3.3306690738754696e-16,True,-5.639401304533367e-16,2.0117858086991297e-16
261,4.689582056016661e-13,276.31870872634005,6.367109962820994,4.440892098500626e-16,True,-1.5520693247369434e-15,2.0183916205500405e-16
262,3.552713678800501e-13,272.7913665917747,6.434037904583843,2.220446049250313e-16,True,-2.810820733980831e-16,0.0
263,3.765876499528531e-13,276.50621709181655,6.3689832654777305,3.3306690738754696e-16,True,-1.1893434352339036e-14,0.0
264,4.511946372076636e-13,277.17291368892035,6.338949755835281,2.220446049250313e-16,True,-1.4976437688656363e-15,0.0
265,4.831690603168681e-13,274.7270880104494,6.444224151242577,3.3306690738754696e-16,True,-5.331672705302177e-15,0.0
266,4.192202140984591e-13,280.99513010240304,6.389746179222674,4.440892098500626e-16,True,-8.972765106778153e-17,0.0
267,3.907985046680551e-13,273.4867977505521,6.4645559776931885,4.440892098500626e-16,True,-1.2608622519514994e-15,0.0
268,4.050093593832571e-13,277.48681402571214,6.326565421119969,3.3306690738754696e-16,True,-3.592457868876317e-17,2.0150842454876018e-16
269,3.588240815588506e-13,280.6534681362679,6.335131194423033,3.3306690738754696e-16,True,-2.4905102480905192e-14,2.0140285035955845e-16
270,3.979039320256561e-13,277.1043069056964,6.497882739857775,2.220446049250313e-16,True,-4.05390550047339e-18,2.0135409333916024e-16
271,3.623767952376511e-13,282.8736597556445,6.349629530015292,3.3306690738754696e-16,True,-1.878921991582084e-15,0.0
272,4.831690603168681e-13,279.15322519585027,6.422564740454717,4.440892098500626e-16,True,-4.517784144252938e-16,2.013426916744137e-16
273,3.1086244689504383e-13,279.5792151365476,6.443118727487997,3.3306690738754696e-16,True,-2.8961487426793765e-15,2.013764056188363e-16
274,4.050093593832571e-13,274.3096983387376,6.482020201442781,2.220446049250313e-16,True,-2.0744118525817013e-15,0.0
275,3.1441516057384433e-13,277.5380231125975,6.330524292966917,4.440892098500626e-16,True,-3.083351310295074e-14,0.0
276,4.298783551348606e-13,277.8515229914673,6.42470761380504,2.220446049250313e-16,True,-2.8538053875810237e-15,0.0
277,5.400124791776761e-13,272.4991622250594,6.469475250343029,2.220446049250313e-16,True,-4.043030432049345e-16,0.0
278,3.304023721284466e-13,279.4809111377265,6.458154492347779,2.220446049250313e-16,True,-2.965402432232992e-14,2.0145628813157277e-16
279,3.446132268436486e-13,278.08945219853723,6.504667167871438,2.220446049250313e-16,True,-9.846671823820649e-16,0.0
280,3.339550858072471e-13,280.8021507041539,6.4317634153054115,3.3306690738754696e-16,True,-2.3320144048152715e-15,2.0139126685693834e-16
281,3.907985046680551e-13,273.1667101687983,6.374509456571254,3.3306690738754696e-16,True,-4.275522871470401e-18,0.0
282,3.907985046680551e-13,276.3551583859932,6.401916161546555,3.3306690738754696e-16,True,-1.3809009926076368e-14,0.0
283,4.085620730620576e-13,276.8325386221637,6.331038787465351,2.220446049250313e-16,True,-3.6277807362736655e-16,0.0
284,2.948752353404416e-13,280.05872329687173,6.54018096797538,3.3306690738754696e-16,True,-1.9315041861077855e-15,2.015845569637988e-16
285,3.836930773104541e-13,279.9768098446638,6.485386331340407,2.220446049250313e-16,True,-1.2949803799739176e-14,0.0
286,3.765876499528531e-13,283.2323077597144,6.28306140580026,4.440892098500626e-16,True,-4.1478397219518773e-16,0.0
287,4.1389114358025836e-13,281.10552793869346,6.406626229158711,2.220446049250313e-16,True,-1.241214136184959e-15,0.0
288,3.730349362740526e-13,276.1108611739012,6.433581723515669,4.440892098500626e-16,True,-5.065412588294387e-15,2.0096796132795544e-16
289,4.121147867408581e-13,276.56346421674766,6.4522733258900065,2.220446049250313e-16,True,-8.014930774102009e-17,0.0
290,4.405364961712621e-13,278.1449996011165,6.365317246379538,4.440892098500626e-16,True,-8.693116433258323e-16,2.0091471915914476e-16
291,5.684341886080801e-13,277.9228117686035,6.375758495094459,2.220446049250313e-16,True,-1.1601507404985546e-14,2.014268340526075e-16
292,4.689582056016661e-13,274.523962916439,6.36035404970622,2.220446049250313e-16,True,-2.3687927262384796e-16,0.0
293,3.410605131648481e-13,277.3306255391779,6.3500239286376505,3.3306690738754696e-16,True,-6.284422472782506e-16,0.0
294,3.659295089164516e-13,282.82804732724355,6.338175752470699,3.3306690738754696e-16,True,-2.03530848190404e-15,2.012843239784768e-16
295,4.973799150320701e-13,282.17199042643034,6.2986503413129356,3.3306690738754696e-16,True,-4.8275716824341535e-15,0.0
296,4.973799150320701e-13,279.12781398854946,6.340451616628216,3.3306690738754696e-16,True,-3.8550494870582443e-16,0.0
297,2.984279490192421e-13,272.8568860570558,6.417192615601175,4.440892098500626e-16,True,-3.532800679974012e-16,0.0
298,3.588240815588506e-13,278.3984758951261,6.391723579425576,2.220446049250313e-16,True,-2.930967113905357e-15,0.0
299,3.694822225952521e-13,278.91923916914664,6.417633908941562,3.3306690738754696e-16,True,-3.476553250016406e-16,2.020841635570323e-16
300,5.080380560684716e-13,276.92034336504366,6.409401693281307,4.440892098500626e-16,True,-5.145537669731338e-15,0.0
301,5.258016244624741e-13,275.8774931082023,6.350248706698543,2.220446049250313e-16,True,-1.581220150172838e-15,0.0
302,4.192202140984591e-13,280.8071832115514,6.3729548627088395,4.440892098500626e-16,True,-2.7738112831997154e-16,0.0
303,4.405364961712621e-13,281.0643175957062,6.495887223338667,2.220446049250313e-16,True,0.0,0.0
304,5.186961971048731e-13,275.16894389088833,6.452286806616684,3.3306690738754696e-16,True,2.281977211306227e-15,0.0
305,3.588240815588506e-13,278.9940831650115,6.34549374324529,4.440892098500626e-16,True,-6.859158462662179e-15,0.0
306,4.298783551348606e-13,275.8921631132408,6.363377450397717,4.440892098500626e-16,True,-6.976720376723747e-16,0.0
307,4.121147867408581e-13,277.48706334964544,6.37796230684876,2.220446049250313e-16,True,-7.088090696688079e-15,0.0
308,3.694822225952521e-13,277.3961831990091,6.476882630886414,2.220446049250313e-16,True,0.0,2.0123726140229228e-16
309,4.263256414560601e-13,276.9570061248826,6.238141422543111,2.220446049250313e-16,True,-7.436815640712427e-15,2.0166344248810758e-16
310,3.339550858072471e-13,274.7885812663767,6.470343739281232,2.220446049250313e-16,True,-5.714150699961524e-16,0.0
311,5.400124791776761e-13,279.6205812947597,6.408596651312064,2.220446049250313e-16,True,-1.877968299653224e-15,2.0147838298966247e-16
312,5.186961971048731e-13,277.0302235403595,6.449281576341537,2.220446049250313e-16,True,-1.183393466323363e-15,0.0
313,4.405364961712621e-13,279.1447416551905,6.407375251004727,2.220446049250313e-16,True,-1.6636591123470585e-15,2.0089049343390785e-16
314,5.129230373768223e-13,278.6957749009604,6.458794288551688,2.220446049250313e-16,True,-7.232220945879815e-16,0.0
315,3.4727776210274897e-13,283.53658762363625,6.364027838546892,2.220446049250313e-16,True,-6.664174618633645e-16,2.0169580389903973e-16
316,4.902744876744691e-13,281.57258921041927,6.401270216062036,3.3306690738754696e-16,True,-2.55931807298806e-16,0.0
317,3.0686564400639327e-13,279.0638567972268,6.534783265416656,2.220446049250313e-16,True,-1.7711483013111664e-17,2.0152907254172368e-16
318,4.014566457044566e-13,275.7426810076075,6.494465096472409,2.220446049250313e-16,True,-3.0508393531968208e-15,0.0
319,4.618527782440651e-13,277.91265687888705,6.390646187774671,4.440892098500626e-16,True,-5.309897339142102e-16,0.0
320,3.161915174132446e-13,275.2054171342555,6.450491689754799,2.220446049250313e-16,True,-1.24174774074348e-16,2.0150615456915883e-16
321,4.547473508864641e-13,277.4243619700765,6.3150001554444115,3.3306690738754696e-16,True,-4.06976442534043e-17,0.0
322,4.192202140984591e-13,279.0024283397695,6.3521755908536575,3.3306690738754696e-16,True,-1.2747595862126583e-16,2.0126172770524065e-16
323,4.334310688136611e-13,276.0943967452276,6.372703686699635,4.440892098500626e-16,True,-2.1497395987054423e-17,0.0
324,4.050093593832571e-13,279.3226378461943,6.489578050941141,3.3306690738754696e-16,True,-5.883927964220882e-16,0.0
325,4.334310688136611e-13,274.7676893386732,6.444612017316423,2.220446049250313e-16,True,-6.800937513449739e-16,0.0
326,4.227729277772596e-13,275.44084519892095,6.348507831710337,2.220446049250313e-16,True,-3.1558850988314337e-15,0.0
327,6.083707214214751e-13,277.49469291319804,6.333817650043267,4.440892098500626e-16,True,-8.905043801013191e-17,0.0
328,4.050093593832571e-13,278.3430937282586,6.319226849393867,4.440892098500626e-16,True,-4.859477152408364e-16,0.0
329,5.151434834260726e-13,276.8217460995384,6.351289785333018,2.220446049250313e-16,True,-1.9002831967233645e-15,0.0
330,3.694822225952521e-13,277.4360648190414,6.3626132341349155,4.440892098500626e-16,True,-2.803245885578173e-16,2.0178823066172524e-16
331,5.009326287108706e-13,279.25507692784475,6.427553240113811,2.220446049250313e-16,True,-1.3376111673573287e-16,0.0
332,3.694822225952521e-13,280.7149237260077,6.36971262492951,2.220446049250313e-16,True,-4.212630844971489e-16,0.0
333,5.222489107836736e-13,277.6748762682042,6.541875283656621,3.3306690738754696e-16,True,-3.1926041507300056e-16,0.0
334,3.268496584496461e-13,281.7093504308939,6.380226223340636,2.220446049250313e-16,True,-1.0190754990752345e-15,2.0109800221375365e-16
335,3.126388037344441e-13,278.38626167286213,6.371420963053732,4.440892098500626e-16,True,-5.60532215394497e-16,0.0
336,3.126388037344441e-13,277.8215636683679,6.452898270803776,4.440892098500626e-16,True,-2.6893152340956223e-16,2.0122250858298807e-16
337,2.5224267119483557e-13,277.1669878084058,6.393207155459031,4.440892098500626e-16,True,-1.6282878375986904e-16,0.0
338,2.913225216616411e-13,278.0088443670607,6.432422102448104,4.440892098500626e-16,True,-2.2614900075249102e-15,2.0163175191799873e-16
339,2.913225216616411e-13,280.5579409850721,6.42554486463075,2.220446049250313e-16,True,-2.9490663370907016e-16,0.0
340,4.192202140984591e-13,277.9982804567827,6.344919681185006,4.440892098500626e-16,True,-2.550113290810007e-16,0.0
341,3.197442310920451e-13,279.7896153834256,6.453284817095698,2.220446049250313e-16,True,0.0,2.0103260597084467e-16
342,4.440892098500626e-13,278.19125062917095,6.429207933673167,3.3306690738754696e-16,True,-1.0735448728712756e-15,0.0
343,4.334310688136611e-13,275.80615681278164,6.3345039809268515,2.220446049250313e-16,True,-1.193530675874943e-16,0.0
344,5.391924970746254e-13,274.7880313091458,6.43923902548449,2.220446049250313e-16,True,-5.550582266648237e-15,2.0153997574100414e-16
345,4.334310688136611e-13,282.3134933042645,6.398105619359327,2.220446049250313e-16,True,-1.1196478449791052e-16,0.0
346,3.517186542012496e-13,273.9881480764416,6.384694874880917,3.3306690738754696e-16,True,-3.847086172130169e-15,2.0139718782285544e-16
347,2.504663143554353e-13,274.4003859351096,6.467202357333003,2.220446049250313e-16,True,-2.9995003570127655e-16,0.0
348,2.7711166694643907e-13,278.93263138556284,6.533682796454424,3.3306690738754696e-16,True,-2.63792828242363e-15,0.0
349,3.730349362740526e-13,275.0449769800809,6.432824225789997,2.220446049250313e-16,True,-2.0981953546815938e-15,2.0152821401249874e-16
350,2.8421709430404007e-13,278.7955029194667,6.384849617393772,3.3306690738754696e-16,True,-1.5720529069714325e-15,2.0147168227212707e-16
351,2.4868995751603507e-13,274.9032644394293,6.372323295867395,2.220446049250313e-16,True,-1.778967650339852e-16,0.0
352,5.044853423896711e-13,277.35865513068256,6.504526705055569,3.3306690738754696e-16,True,-3.6343841166899875e-15,4.0227157249002647e-16
353,3.481659405224491e-13,281.32124195104564,6.382815088444793,4.440892098500626e-16,True,-2.7878895603706977e-15,2.01153922356927e-16
354,3.765876499528531e-13,271.0589734798741,6.459576386326757,3.3306690738754696e-16,True,-3.1304344766081504e-15,0.0
355,2.8421709430404007e-13,277.7028899963048,6.391406308356159,3.3306690738754696e-16,True,-1.599425256163791e-16,0.0
356,4.618527782440651e-13,278.0191921457718,6.3740432858140466,2.220446049250313e-16,True,-2.7761470500122957e-15,0.0
357,4.547473508864641e-13,276.95412282117627,6.453829756097185,2.220446049250313e-16,True,-3.445913707206735e-17,0.0
358,3.410605131648481e-13,279.4218065249462,6.5111431448175,2.220446049250313e-16,True,-1.7045043117641998e-17,0.0
359,3.197442310920451e-13,274.0540090844212,6.529972886103445,4.440892098500626e-16,True,-5.622871187600091e-15,0.0
360,4.050093593832571e-13,277.85562181070327,6.364699861401489,2.220446049250313e-16,True,-1.1346989010366536e-15,0.0
361,4.618527782440651e-13,274.28984592747815,6.5582384685355635,4.440892098500626e-16,True,0.0,2.015121928119749e-16
362,2.913225216616411e-13,277.94481897564157,6.403075408660478,2.220446049250313e-16,True,-3.060436616209053e-16,0.0
363,6.039613253960852e-13,284.48054212721024,6.448324955632027,4.440892098500626e-16,True,-6.321556747751553e-15,2.0139534593454562e-16
364,3.197442310920451e-13,273.94959644898097,6.422401503780224,2.220446049250313e-16,True,-1.867658914842719e-15,0.0
365,4.227729277772596e-13,280.68667448733004,6.314644059212359,2.220446049250313e-16,True,-1.7674931572182659e-15,0.0
366,3.268496584496461e-13,283.4653548329885,6.349105149228445,4.440892098500626e-16,True,-6.609562360570042e-16,2.0091550381960595e-16
367,4.476419235288631e-13,276.5106796532524,6.437996901250299,2.220446049250313e-16,True,-9.14744521724118e-17,2.015817203969889e-16
368,3.907985046680551e-13,278.0977329614821,6.53183969827086,3.3306690738754696e-16,True,-2.5694025141882635e-15,0.0
369,2.5579538487363607e-13,280.2760029235969,6.455820294990634,2.220446049250313e-16,True,-3.889224682522208e-16,0.0
370,7.305963288777723e-13,276.6803630196164,6.321129893998449,4.440892098500626e-16,True,-6.211990123938612e-15,0.0
371,4.014566457044566e-13,280.55674828988094,6.4091879905101345,2.220446049250313e-16,True,-8.236472032379559e-18,0.0
372,3.8902214782865485e-13,275.50862252382774,6.4129226457528175,2.220446049250313e-16,True,-2.6604496906773145e-15,2.0161583893093296e-16
373,5.222489107836736e-13,276.5773470447732,6.3427012252553,2.220446049250313e-16,True,-7.826263996890164e-17,2.016623975543074e-16
374,4.476419235288631e-13,280.4246862048213,6.414427437377769,3.3306690738754696e-16,True,-1.1715871611159366e-16,2.0129114116912897e-16
375,3.410605131648481e-13,281.4327208898706,6.38475687787478,2.220446049250313e-16,True,-6.318174797637631e-15,2.0091027349228108e-16
376,2.5579538487363607e-13,272.781129176033,6.3613864102013284,2.220446049250313e-16,True,-2.8347953935143646e-15,0.0
377,2.7000623958883807e-13,279.9369784701414,6.4256886204290975,4.440892098500626e-16,True,-2.3801165085702014e-15,0.0
378,4.263256414560601e-13,282.7802865610582,6.504543655498184,3.3306690738754696e-16,True,-1.2591081103897577e-16,2.010366120365325e-16
379,3.836930773104541e-13,276.62905856883,6.359435894279819,2.220446049250313e-16,True,-7.002028965834392e-18,0.0
380,4.121147867408581e-13,279.66576281501636,6.550472312250416,2.220446049250313e-16,True,-1.1830854893869433e-15,0.0
381,3.481659405224491e-13,274.927076014482,6.344323652132691,4.440892098500626e-16,True,-4.72700115970207e-16,0.0
382,9.589685414660583e-13,277.56710813414134,6.480911650560278,2.220446049250313e-16,True,-1.1313894488820568e-16,4.0309454375999953e-16
383,5.279943149361088e-13,276.8942103082259,6.502566555047747,2.220446049250313e-16,True,-4.170659040431838e-15,0.0
384,2.948752353404416e-13,277.28467166850896,6.451248191808444,2.220446049250313e-16,True,-3.5318908732526835e-15,2.012393365983789e-16
385,4.121147867408581e-13,273.41216288934754,6.49618183155963,4.440892098500626e-16,True,-1.0206402610981933e-15,0.0
386,4.121147867408581e-13,275.44814881459564,6.465191165803424,2.220446049250313e-16,True,-1.2284096645615586e-15,0.0
387,3.481659405224491e-13,276.6480226328719,6.375575731690032,3.3306690738754696e-16,True,-2.413987675934151e-15,2.016085288458001e-16
388,3.659295089164516e-13,282.58818851147146,6.360559269644801,2.220446049250313e-16,True,-1.416690203305635e-15,2.0138466923741361e-16
389,3.339550858072471e-13,277.569745896789,6.335752424513563,2.220446049250313e-16,True,-2.3118752201458545e-15,2.0112012423537823e-16
390,4.725109192804666e-13,278.42707860799345,6.316753156126846,2.220446049250313e-16,True,0.0,0.0
391,4.1389114358025836e-13,279.05914262991126,6.348796614260236,2.220446049250313e-16,True,-1.7278587152083035e-15,0.0
392,4.902744876744691e-13,278.98631687010044,6.3285450579634475,2.220446049250313e-16,True,-1.3540120527175889e-15,0.0
393,2.913225216616411e-13,273.97002331426745,6.383240219590702,2.220446049250313e-16,True,-1.3934732781761004e-16,0.0
394,4.583000645652646e-13,282.40045502900784,6.474461095634387,2.220446049250313e-16,True,-1.9591210015613174e-15,0.0
395,2.8421709430404007e-13,272.4027421832455,6.4733162796141,3.3306690738754696e-16,True,-2.971385424018136e-17,2.018950149762467e-16
396,4.156675004196586e-13,276.1695566543568,6.371919116593737,2.220446049250313e-16,True,-9.652333718705258e-16,2.01266661571602e-16
397,4.973799150320701e-13,277.9750248443393,6.3874622602423194,2.220446049250313e-16,True,-7.701558882560414e-15,2.0126004607638713e-16
398,4.689582056016661e-13,271.17787711644576,6.428371375514171,2.220446049250313e-16,True,-1.359987810222879e-15,0.0
399,6.181721801112872e-13,279.1390906802384,6.385660846273886,4.440892098500626e-16,True,-1.4834583710679157e-15,0.0
400,5.542233338928781e-13,282.07560525432297,6.463653316376334,2.220446049250313e-16,True,-2.355898484232162e-16,0.0
401,3.623767952376511e-13,274.74775792161506,6.384667544653287,3.3306690738754696e-16,True,-6.111153765222236e-15,0.0
402,4.618527782440651e-13,274.1502439340525,6.456285943420903,2.220446049250313e-16,True,-7.093565542354455e-17,2.01470739075362e-16
403,3.694822225952521e-13,278.0323734973066,6.4935403929915685,2.220446049250313e-16,True,-4.866117302844717e-16,0.0
404,6.021849685566849e-13,280.14265524720264,6.338347650161144,2.220446049250313e-16,True,-8.109923149751406e-17,2.0162547230310474e-16
405,4.831690603168681e-13,276.29183105179186,6.356083233125971,2.220446049250313e-16,True,-4.528251448388252e-17,2.009856937303698e-16
406,2.6290081223123707e-13,272.77321149031354,6.40228772328635,2.220446049250313e-16,True,-4.800402444069875e-16,0.0
407,4.298783551348606e-13,283.94657297113804,6.40232075054128,2.220446049250313e-16,True,-1.3450618440285814e-16,0.0
408,4.334310688136611e-13,277.8878711245746,6.348152181130518,4.440892098500626e-16,True,-9.501822770378503e-17,2.0171750910422449e-16
409,4.476419235288631e-13,277.63209938207024,6.433179948408024,3.3306690738754696e-16,True,-4.028767474010554e-15,2.0145790490508387e-16
410,4.263256414560601e-13,280.8742119537977,6.360190718576479,4.440892098500626e-16,True,-1.9225497676213521e-16,0.0
411,3.197442310920451e-13,273.90346499964664,6.442454036740975,4.440892098500626e-16,True,-8.060343031604974e-16,0.0
412,4.618527782440651e-13,283.0277351781223,6.454856753169794,3.3306690738754696e-16,True,-6.203612732072385e-17,0.0
413,4.760636329592671e-13,280.22326134003976,6.429561702275004,2.220446049250313e-16,True,-3.459205491675422e-16,2.0127980522779949e-16
414,3.339550858072471e-13,273.519378057277,6.457936298221849,4.440892098500626e-16,True,-4.9164712694202255e-17,0.0
415,4.84074585971328e-13,273.05020330958905,6.589622973022411,3.3306690738754696e-16,True,-1.9092504676078834e-15,2.0148853160453245e-16
416,3.268496584496461e-13,274.344870442512,6.419788676258716,2.220446049250313e-16,True,-1.6215278114818166e-15,0.0
417,3.765876499528531e-13,281.2424708911348,6.332333204768375,4.440892098500626e-16,True,-6.406535357534706e-16,0.0
418,5.613287612504791e-13,277.4136864384675,6.361009349278984,3.3306690738754696e-16,True,-5.261083211281383e-15,0.0
419,7.487769762950028e-13,272.4677676431869,6.520439673939153,4.440892098500626e-16,True,-1.0437625284020153e-15,0.0
420,3.836930773104541e-13,276.2599981274841,6.47428670340746,2.220446049250313e-16,True,-9.720656628053876e-16,0.0
421,3.552713678800501e-13,276.08810524505645,6.392671222125169,2.220446049250313e-16,True,-2.2041950682600077e-16,0.0
422,3.481659405224491e-13,276.0052561889012,6.468665378597702,3.3306690738754696e-16,True,-2.869517865891126e-15,0.0
423,4.671818487622659e-13,282.2164949577956,6.404859150022488,2.220446049250313e-16,True,-2.930047391821858e-17,2.0084395261149174e-16
424,4.121147867408581e-13,277.4871467624039,6.348337474794374,2.220446049250313e-16,True,-3.5485011747350583e-16,2.009914977960744e-16
425,4.973799150320701e-13,278.4683872462144,6.362499107641329,2.220446049250313e-16,True,6.17561027883405e-16,2.0165905022376955e-16
426,3.552713678800501e-13,279.90007150016584,6.471142190356881,2.220446049250313e-16,True,-8.8985957408602e-16,2.005601328743793e-16
427,2.8421709430404007e-13,276.37343691929055,6.6060389960910655,2.220446049250313e-16,True,-1.235211679824483e-16,2.0143785505773325e-16
428,5.169198402654729e-13,278.607109091895,6.347780283997735,3.3306690738754696e-16,True,-3.2815347963104574e-16,0.0
429,2.5579538487363607e-13,274.4011271465406,6.353827242788776,3.3306690738754696e-16,True,-2.5494142329252763e-16,0.0
430,3.765876499528531e-13,274.6008434592134,6.423545292948464,3.3306690738754696e-16,True,-1.0084071396974889e-15,0.0
431,3.552713678800501e-13,272.22309174836823,6.511256000958916,2.220446049250313e-16,True,-2.635094096801976e-16,2.0127758636486094e-16
432,3.836930773104541e-13,276.54766574904676,6.553417420613501,2.220446049250313e-16,True,-1.2507793990989582e-15,0.0
433,5.400124791776761e-13,281.9331854246916,6.432614093928958,3.3306690738754696e-16,True,-2.435091931538246e-15,0.0
434,3.3217872896784684e-13,275.51099513437265,6.385955689822972,2.220446049250313e-16,True,-2.4139952181189113e-15,0.0
435,4.618527782440651e-13,276.5953218086984,6.393097449644704,2.220446049250313e-16,True,-7.882273535282109e-17,2.0132670949430144e-16
436,4.263256414560601e-13,278.89849717868356,6.550533047878041,3.3306690738754696e-16,True,-7.452359298391018e-15,2.015594186477601e-16
437,4.334310688136611e-13,275.3984969430468,6.418747220529527,2.220446049250313e-16,True,-5.267916347589284e-15,2.0163545857194385e-16
438,4.192202140984591e-13,276.63480360129006,6.3366223812467375,2.220446049250313e-16,True,-9.075303308609763e-16,0.0
439,3.197442310920451e-13,271.2393101715333,6.407250242476429,2.220446049250313e-16,True,-1.3007313342330212e-16,0.0
440,5.258016244624741e-13,276.47265032275266,6.373591233198479,3.3306690738754696e-16,True,-9.709296758716903e-18,0.0
441,4.547473508864641e-13,277.95201051170346,6.488690661887683,3.3306690738754696e-16,True,-1.231419570487216e-16,2.0131146812700032e-16
442,5.364597654988756e-13,277.8178705892246,6.402530199605259,4.440892098500626e-16,True,-7.13560706048631e-17,2.0129534387053212e-16
443,5.204725539442734e-13,273.07785270698196,6.5038412547868045,4.440892098500626e-16,True,-1.2242462311700152e-15,0.0
444,2.913225216616411e-13,277.27063208029114,6.395611988977915,3.3306690738754696e-16,True,-1.5277783232700087e-16,0.0
445,4.121147867408581e-13,280.4105193738368,6.393039549510173,3.3306690738754696e-16,True,-1.611397846923477e-15,0.0
446,3.765876499528531e-13,275.6674644553302,6.379743062958968,2.220446049250313e-16,True,-8.943221294729978e-16,0.0
447,4.192202140984591e-13,278.5181021639859,6.3934153425680735,3.3306690738754696e-16,True,-2.7091203474183834e-16,0.0
448,5.044853423896711e-13,279.44408207064123,6.398447031837391,2.220446049250313e-16,True,-2.8003407640021804e-16,0.0
449,4.050093593832571e-13,279.36811005416973,6.451558274152069,4.440892098500626e-16,True,-1.3968959795116886e-15,0.0
450,5.151434834260726e-13,280.18327308353525,6.402418013886273,3.3306690738754696e-16,True,-7.833612966006083e-16,0.0
451,3.410605131648481e-13,280.10829061064123,6.420415327816566,4.440892098500626e-16,True,-2.5336495138941785e-15,2.0112772107428963e-16
452,4.831690603168681e-13,280.3599374060761,6.42449778711807,2.220446049250313e-16,True,-4.734606357638265e-16,2.0116518122172319e-16
453,3.623767952376511e-13,281.6383323227111,6.425210312536447,4.440892098500626e-16,True,-2.4666761404771323e-17,0.0
454,4.050093593832571e-13,275.4624522933711,6.518486779933248,3.3306690738754696e-16,True,-4.3796158383291666e-17,0.0
455,2.5934809855243657e-13,277.72162812739003,6.455643467372255,4.440892098500626e-16,True,-3.0343936993690723e-15,0.0
456,3.836930773104541e-13,276.4797058161052,6.4011922615014525,2.220446049250313e-16,True,-3.12678021645184e-16,0.0
457,3.126388037344441e-13,278.1203511754068,6.461094903087526,2.220446049250313e-16,True,-1.9115066810149425e-16,0.0
458,2.913225216616411e-13,277.598877212765,6.4950588093982935,4.440892098500626e-16,True,-3.5493673456978435e-16,0.0
459,4.263256414560601e-13,276.2995524807704,6.4248937639936745,2.220446049250313e-16,True,-4.991304279843931e-16,0.0
460,3.872457909892546e-13,280.13121731997376,6.356028501813161,3.3306690738754696e-16,True,-2.8968965357846066e-15,0.0
461,3.410605131648481e-13,278.45679339703247,6.40737282169114,3.3306690738754696e-16,True,-4.991766928840245e-15,0.0
462,4.263256414560601e-13,278.73061822632883,6.382126535013202,2.220446049250313e-16,True,-5.606482837546091e-17,2.0151638719372076e-16
463,3.9257486150745535e-13,280.56326952960615,6.5110163156951115,4.440892098500626e-16,True,-6.910391854808606e-16,0.0
464,4.689582056016661e-13,277.04956372531524,6.261265465661012,3.3306690738754696e-16,True,-4.4923994999879767e-17,2.010893708791622e-16
465,4.405364961712621e-13,271.6610996942128,6.496460235140594,2.220446049250313e-16,True,-1.0479357657804867e-16,2.0160388059529145e-16
466,4.973799150320701e-13,278.82470724360934,6.420672132674979,2.220446049250313e-16,True,-7.3524805405619e-17,0.0
467,4.345758372300071e-13,277.20207451278367,6.494975325587807,3.3306690738754696e-16,True,-9.233566817713839e-15,0.0
468,4.334310688136611e-13,277.5428683413933,6.4512379454918,4.440892098500626e-16,True,-3.384673846076879e-17,2.0123560022854355e-16
469,6.394884621840902e-13,281.25240263841215,6.464200915660538,2.220446049250313e-16,True,-1.7335378778736075e-17,2.017108785974011e-16
470,5.968558980384842e-13,279.6505499700854,6.442870312758586,4.440892098500626e-16,True,-1.5831553223206962e-16,0.0
471,4.192202140984591e-13,276.982954626712,6.347010460197598,4.440892098500626e-16,True,-6.101078910311393e-17,0.0
472,4.511946372076636e-13,274.0547731027784,6.375220338468768,4.440892098500626e-16,True,-2.56178859639829e-16,2.0163455097680736e-16
473,5.542233338928781e-13,272.02552141899474,6.368988945906358,4.440892098500626e-16,True,-4.005461459520519e-15,0.0
474,3.979039320256561e-13,276.12453176632425,6.444004165417219,4.440892098500626e-16,True,-3.2802048702229805e-16,2.0081432876211134e-16
475,4.263256414560601e-13,276.14029228098843,6.480438506846222,4.440892098500626e-16,True,-2.6411583131856597e-16,0.0
476,5.542233338928781e-13,281.63551585245455,6.437335608341504,4.440892098500626e-16,True,-1.7083504808201251e-16,0.0
477,4.618527782440651e-13,272.0209577969718,6.497635522274776,4.440892098500626e-16,True,-1.9874982782983707e-16,0.0
478,3.126388037344441e-13,280.9495297349198,6.3104388737489705,3.3306690738754696e-16,True,-3.828783303205092e-16,0.0
479,3.836930773104541e-13,280.0948794278432,6.289396815178471,2.220446049250313e-16,True,-7.485943589327467e-17,2.0187414628380987e-16
480,3.268496584496461e-13,275.6101065166458,6.410649533191856,3.3306690738754696e-16,True,-4.083397427375264e-16,0.0
481,4.973799150320701e-13,278.9435682252697,6.3518627515593,3.3306690738754696e-16,True,-6.896483983564168e-17,2.0158789263915753e-16
482,3.481659405224491e-13,275.054429980828,6.369973011731215,2.220446049250313e-16,True,-1.8135315807312873e-15,2.0157943452829647e-16
483,4.760636329592671e-13,279.4893467721017,6.387261248953186,2.220446049250313e-16,True,-1.3131815853263142e-15,0.0
484,3.907985046680551e-13,278.2158523706838,6.554107397583659,2.220446049250313e-16,True,-3.9283582451144597e-16,0.0
485,2.4868995751603507e-13,277.69859186468693,6.554441663150247,2.220446049250313e-16,True,-2.4095623584561995e-16,2.0136215320593736e-16
486,5.755396159656812e-13,278.3421366064058,6.427772687895683,3.3306690738754696e-16,True,-1.4144506483064666e-16,0.0
487,2.8066438062523957e-13,277.59655796073355,6.3677539259281355,4.440892098500626e-16,True,-1.6971610446789284e-15,0.0
488,3.481659405224491e-13,281.16418944753957,6.35697204475969,2.220446049250313e-16,True,-1.4642997918105864e-15,0.0
489,2.984279490192421e-13,280.0393989819696,6.492214096187829,2.220446049250313e-16,True,-5.928891243462255e-17,0.0
490,4.227729277772596e-13,274.13845182178545,6.457519280166044,4.440892098500626e-16,True,-1.605449009343467e-15,2.014764152765499e-16
491,2.6290081223123707e-13,276.33725892640575,6.29341416719916,3.3306690738754696e-16,True,-6.198225586692938e-17,2.014957358965275e-16
492,4.689582056016661e-13,276.84762863102054,6.360722165623355,4.440892098500626e-16,True,-6.825281443794229e-17,2.015853259516112e-16
493,3.836930773104541e-13,281.48683026598815,6.5229671837932015,4.440892098500626e-16,True,-2.3096127591411785e-15,0.0
494,5.115907697472721e-13,278.4151286890391,6.32189656004418,3.3306690738754696e-16,True,-2.1713884155241247e-16,0.0
495,4.831690603168681e-13,278.06013881435075,6.312104812507982,3.3306690738754696e-16,True,-1.0641020718725782e-16,2.0127542808674522e-16
496,2.913225216616411e-13,276.51188768869355,6.36341010669309,2.220446049250313e-16,True,-6.194131151631637e-16,0.0
497,4.192202140984591e-13,274.58167515906257,6.3698431431736795,2.220446049250313e-16,True,-8.239325481271635e-16,0.0
498,3.979039320256561e-13,274.1722117782242,6.420397393606019,4.440892098500626e-16,True,-2.239663126162103e-15,0.0
499,4.476419235288631e-13,278.2322397380632,6.418833550274309,2.220446049250313e-16,True,-1.2101005344604416e-16,0.0
500,5.435651928564766e-13,280.6407158925711,6.345438879507993,3.3306690738754696e-16,True,-2.472200324090435e-16,0.0
