包裹编号,需求点编号,包裹类型,包裹重量(kg),服务物流点编号,主干车辆编号,包裹离开物流中心时刻(h),货物到达物流点时刻(h),无人机编号,运输无人机起飞时刻(h),本包裹送达时刻(h),运输无人机返回时刻(h),运输无人机总载重(kg),运输无人机总航程(km)
D0001-A001,D0001,A类,1,,,,,,,,,,
D0001-A002,D0001,A类,1,,,,,,,,,,
D0001-A003,D0001,A类,1,,,,,,,,,,
D0001-A004,D0001,A类,1,,,,,,,,,,
D0001-A005,D0001,A类,1,,,,,,,,,,
D0001-A006,D0001,A类,1,,,,,,,,,,
D0001-A007,D0001,A类,1,,,,,,,,,,
D0001-A008,D0001,A类,1,,,,,,,,,,
D0001-A009,D0001,A类,1,,,,,,,,,,
D0001-B001,D0001,B类,5,,,,,,,,,,
D0002-A001,D0002,A类,1,,,,,,,,,,
D0002-A002,D0002,A类,1,,,,,,,,,,
D0002-A003,D0002,A类,1,,,,,,,,,,
D0002-A004,D0002,A类,1,,,,,,,,,,
D0002-A005,D0002,A类,1,,,,,,,,,,
D0002-A006,D0002,A类,1,,,,,,,,,,
D0002-A007,D0002,A类,1,,,,,,,,,,
D0003-A001,D0003,A类,1,,,,,,,,,,
D0003-A002,D0003,A类,1,,,,,,,,,,
D0003-A003,D0003,A类,1,,,,,,,,,,
D0003-A004,D0003,A类,1,,,,,,,,,,
D0003-A005,D0003,A类,1,,,,,,,,,,
D0003-A006,D0003,A类,1,,,,,,,,,,
D0003-A007,D0003,A类,1,,,,,,,,,,
D0003-A008,D0003,A类,1,,,,,,,,,,
D0004-A001,D0004,A类,1,,,,,,,,,,
D0004-A002,D0004,A类,1,,,,,,,,,,
D0004-A003,D0004,A类,1,,,,,,,,,,
D0004-A004,D0004,A类,1,,,,,,,,,,
D0004-A005,D0004,A类,1,,,,,,,,,,
D0004-B001,D0004,B类,5,,,,,,,,,,
D0004-B002,D0004,B类,5,,,,,,,,,,
D0005-A001,D0005,A类,1,,,,,,,,,,
D0005-A002,D0005,A类,1,,,,,,,,,,
D0005-A003,D0005,A类,1,,,,,,,,,,
D0005-A004,D0005,A类,1,,,,,,,,,,
D0005-A005,D0005,A类,1,,,,,,,,,,
D0005-A006,D0005,A类,1,,,,,,,,,,
D0005-A007,D0005,A类,1,,,,,,,,,,
D0005-A008,D0005,A类,1,,,,,,,,,,
D0005-A009,D0005,A类,1,,,,,,,,,,
D0005-A010,D0005,A类,1,,,,,,,,,,
D0005-B001,D0005,B类,5,,,,,,,,,,
D0006-A001,D0006,A类,1,,,,,,,,,,
D0006-A002,D0006,A类,1,,,,,,,,,,
D0006-A003,D0006,A类,1,,,,,,,,,,
D0006-A004,D0006,A类,1,,,,,,,,,,
D0006-A005,D0006,A类,1,,,,,,,,,,
D0007-A001,D0007,A类,1,,,,,,,,,,
D0007-A002,D0007,A类,1,,,,,,,,,,
D0007-A003,D0007,A类,1,,,,,,,,,,
D0007-A004,D0007,A类,1,,,,,,,,,,
D0007-A005,D0007,A类,1,,,,,,,,,,
D0007-A006,D0007,A类,1,,,,,,,,,,
D0008-A001,D0008,A类,1,,,,,,,,,,
D0008-A002,D0008,A类,1,,,,,,,,,,
D0008-A003,D0008,A类,1,,,,,,,,,,
D0008-A004,D0008,A类,1,,,,,,,,,,
D0008-A005,D0008,A类,1,,,,,,,,,,
D0008-A006,D0008,A类,1,,,,,,,,,,
D0009-A001,D0009,A类,1,,,,,,,,,,
D0009-A002,D0009,A类,1,,,,,,,,,,
D0009-A003,D0009,A类,1,,,,,,,,,,
D0009-A004,D0009,A类,1,,,,,,,,,,
D0010-A001,D0010,A类,1,,,,,,,,,,
D0010-A002,D0010,A类,1,,,,,,,,,,
D0010-A003,D0010,A类,1,,,,,,,,,,
D0010-A004,D0010,A类,1,,,,,,,,,,
D0010-A005,D0010,A类,1,,,,,,,,,,
D0010-B001,D0010,B类,5,,,,,,,,,,
D0010-B002,D0010,B类,5,,,,,,,,,,
D0011-A001,D0011,A类,1,,,,,,,,,,
D0011-A002,D0011,A类,1,,,,,,,,,,
D0011-A003,D0011,A类,1,,,,,,,,,,
D0011-A004,D0011,A类,1,,,,,,,,,,
D0011-A005,D0011,A类,1,,,,,,,,,,
D0011-A006,D0011,A类,1,,,,,,,,,,
D0011-A007,D0011,A类,1,,,,,,,,,,
D0011-B001,D0011,B类,5,,,,,,,,,,
D0011-B002,D0011,B类,5,,,,,,,,,,
D0012-A001,D0012,A类,1,,,,,,,,,,
D0012-A002,D0012,A类,1,,,,,,,,,,
D0012-A003,D0012,A类,1,,,,,,,,,,
D0013-A001,D0013,A类,1,,,,,,,,,,
D0013-A002,D0013,A类,1,,,,,,,,,,
D0013-A003,D0013,A类,1,,,,,,,,,,
D0013-A004,D0013,A类,1,,,,,,,,,,
D0013-A005,D0013,A类,1,,,,,,,,,,
D0013-A006,D0013,A类,1,,,,,,,,,,
D0013-A007,D0013,A类,1,,,,,,,,,,
D0013-A008,D0013,A类,1,,,,,,,,,,
D0013-A009,D0013,A类,1,,,,,,,,,,
D0013-B001,D0013,B类,5,,,,,,,,,,
D0013-B002,D0013,B类,5,,,,,,,,,,
D0014-A001,D0014,A类,1,,,,,,,,,,
D0014-A002,D0014,A类,1,,,,,,,,,,
D0014-A003,D0014,A类,1,,,,,,,,,,
D0014-A004,D0014,A类,1,,,,,,,,,,
D0014-B001,D0014,B类,5,,,,,,,,,,
D0015-A001,D0015,A类,1,,,,,,,,,,
D0015-A002,D0015,A类,1,,,,,,,,,,
D0015-A003,D0015,A类,1,,,,,,,,,,
D0016-A001,D0016,A类,1,,,,,,,,,,
D0016-A002,D0016,A类,1,,,,,,,,,,
D0016-A003,D0016,A类,1,,,,,,,,,,
D0016-A004,D0016,A类,1,,,,,,,,,,
D0016-A005,D0016,A类,1,,,,,,,,,,
D0016-A006,D0016,A类,1,,,,,,,,,,
D0016-A007,D0016,A类,1,,,,,,,,,,
D0016-A008,D0016,A类,1,,,,,,,,,,
D0016-A009,D0016,A类,1,,,,,,,,,,
D0016-A010,D0016,A类,1,,,,,,,,,,
D0017-A001,D0017,A类,1,,,,,,,,,,
D0017-A002,D0017,A类,1,,,,,,,,,,
D0017-A003,D0017,A类,1,,,,,,,,,,
D0017-A004,D0017,A类,1,,,,,,,,,,
D0018-A001,D0018,A类,1,,,,,,,,,,
D0018-A002,D0018,A类,1,,,,,,,,,,
D0018-A003,D0018,A类,1,,,,,,,,,,
D0018-A004,D0018,A类,1,,,,,,,,,,
D0018-A005,D0018,A类,1,,,,,,,,,,
D0019-A001,D0019,A类,1,,,,,,,,,,
D0019-A002,D0019,A类,1,,,,,,,,,,
D0019-A003,D0019,A类,1,,,,,,,,,,
D0019-A004,D0019,A类,1,,,,,,,,,,
D0019-A005,D0019,A类,1,,,,,,,,,,
D0020-A001,D0020,A类,1,,,,,,,,,,
D0020-A002,D0020,A类,1,,,,,,,,,,
D0020-A003,D0020,A类,1,,,,,,,,,,
D0020-A004,D0020,A类,1,,,,,,,,,,
D0020-A005,D0020,A类,1,,,,,,,,,,
D0020-A006,D0020,A类,1,,,,,,,,,,
D0020-A007,D0020,A类,1,,,,,,,,,,
D0021-A001,D0021,A类,1,,,,,,,,,,
D0021-A002,D0021,A类,1,,,,,,,,,,
D0021-A003,D0021,A类,1,,,,,,,,,,
D0021-A004,D0021,A类,1,,,,,,,,,,
D0021-A005,D0021,A类,1,,,,,,,,,,
D0022-A001,D0022,A类,1,,,,,,,,,,
D0022-A002,D0022,A类,1,,,,,,,,,,
D0022-A003,D0022,A类,1,,,,,,,,,,
D0022-A004,D0022,A类,1,,,,,,,,,,
D0022-A005,D0022,A类,1,,,,,,,,,,
D0023-A001,D0023,A类,1,,,,,,,,,,
D0023-A002,D0023,A类,1,,,,,,,,,,
D0023-A003,D0023,A类,1,,,,,,,,,,
D0023-A004,D0023,A类,1,,,,,,,,,,
D0023-A005,D0023,A类,1,,,,,,,,,,
D0023-A006,D0023,A类,1,,,,,,,,,,
D0023-A007,D0023,A类,1,,,,,,,,,,
D0024-A001,D0024,A类,1,,,,,,,,,,
D0024-A002,D0024,A类,1,,,,,,,,,,
D0024-A003,D0024,A类,1,,,,,,,,,,
D0024-A004,D0024,A类,1,,,,,,,,,,
D0024-A005,D0024,A类,1,,,,,,,,,,
D0025-A001,D0025,A类,1,,,,,,,,,,
D0025-A002,D0025,A类,1,,,,,,,,,,
D0025-A003,D0025,A类,1,,,,,,,,,,
D0025-A004,D0025,A类,1,,,,,,,,,,
D0025-A005,D0025,A类,1,,,,,,,,,,
D0025-A006,D0025,A类,1,,,,,,,,,,
D0026-A001,D0026,A类,1,,,,,,,,,,
D0026-A002,D0026,A类,1,,,,,,,,,,
D0026-A003,D0026,A类,1,,,,,,,,,,
D0026-A004,D0026,A类,1,,,,,,,,,,
D0026-A005,D0026,A类,1,,,,,,,,,,
D0026-B001,D0026,B类,5,,,,,,,,,,
D0027-A001,D0027,A类,1,,,,,,,,,,
D0027-A002,D0027,A类,1,,,,,,,,,,
D0027-A003,D0027,A类,1,,,,,,,,,,
D0027-A004,D0027,A类,1,,,,,,,,,,
D0027-A005,D0027,A类,1,,,,,,,,,,
D0027-A006,D0027,A类,1,,,,,,,,,,
D0027-A007,D0027,A类,1,,,,,,,,,,
D0027-A008,D0027,A类,1,,,,,,,,,,
D0028-A001,D0028,A类,1,,,,,,,,,,
D0028-A002,D0028,A类,1,,,,,,,,,,
D0028-A003,D0028,A类,1,,,,,,,,,,
D0028-A004,D0028,A类,1,,,,,,,,,,
D0028-A005,D0028,A类,1,,,,,,,,,,
D0028-B001,D0028,B类,5,,,,,,,,,,
D0029-A001,D0029,A类,1,,,,,,,,,,
D0029-A002,D0029,A类,1,,,,,,,,,,
D0029-A003,D0029,A类,1,,,,,,,,,,
D0029-A004,D0029,A类,1,,,,,,,,,,
D0029-A005,D0029,A类,1,,,,,,,,,,
D0029-A006,D0029,A类,1,,,,,,,,,,
D0029-A007,D0029,A类,1,,,,,,,,,,
D0029-A008,D0029,A类,1,,,,,,,,,,
D0029-A009,D0029,A类,1,,,,,,,,,,
D0030-A001,D0030,A类,1,,,,,,,,,,
D0030-A002,D0030,A类,1,,,,,,,,,,
D0030-A003,D0030,A类,1,,,,,,,,,,
D0030-A004,D0030,A类,1,,,,,,,,,,
D0030-A005,D0030,A类,1,,,,,,,,,,
D0030-A006,D0030,A类,1,,,,,,,,,,
D0030-A007,D0030,A类,1,,,,,,,,,,
D0030-A008,D0030,A类,1,,,,,,,,,,
D0031-A001,D0031,A类,1,,,,,,,,,,
D0031-A002,D0031,A类,1,,,,,,,,,,
D0031-A003,D0031,A类,1,,,,,,,,,,
D0031-A004,D0031,A类,1,,,,,,,,,,
D0031-A005,D0031,A类,1,,,,,,,,,,
D0031-A006,D0031,A类,1,,,,,,,,,,
D0031-A007,D0031,A类,1,,,,,,,,,,
D0031-A008,D0031,A类,1,,,,,,,,,,
D0031-A009,D0031,A类,1,,,,,,,,,,
D0032-A001,D0032,A类,1,,,,,,,,,,
D0032-A002,D0032,A类,1,,,,,,,,,,
D0032-A003,D0032,A类,1,,,,,,,,,,
D0032-A004,D0032,A类,1,,,,,,,,,,
D0032-A005,D0032,A类,1,,,,,,,,,,
D0032-A006,D0032,A类,1,,,,,,,,,,
D0032-A007,D0032,A类,1,,,,,,,,,,
D0032-A008,D0032,A类,1,,,,,,,,,,
D0032-A009,D0032,A类,1,,,,,,,,,,
D0033-A001,D0033,A类,1,,,,,,,,,,
D0033-A002,D0033,A类,1,,,,,,,,,,
D0033-A003,D0033,A类,1,,,,,,,,,,
D0033-A004,D0033,A类,1,,,,,,,,,,
D0033-A005,D0033,A类,1,,,,,,,,,,
D0034-A001,D0034,A类,1,,,,,,,,,,
D0034-A002,D0034,A类,1,,,,,,,,,,
D0034-A003,D0034,A类,1,,,,,,,,,,
D0034-A004,D0034,A类,1,,,,,,,,,,
D0034-A005,D0034,A类,1,,,,,,,,,,
D0034-B001,D0034,B类,5,,,,,,,,,,
D0035-A001,D0035,A类,1,,,,,,,,,,
D0035-A002,D0035,A类,1,,,,,,,,,,
D0035-A003,D0035,A类,1,,,,,,,,,,
D0035-A004,D0035,A类,1,,,,,,,,,,
D0035-A005,D0035,A类,1,,,,,,,,,,
D0035-A006,D0035,A类,1,,,,,,,,,,
D0035-B001,D0035,B类,5,,,,,,,,,,
D0036-A001,D0036,A类,1,,,,,,,,,,
D0036-A002,D0036,A类,1,,,,,,,,,,
D0036-A003,D0036,A类,1,,,,,,,,,,
D0036-A004,D0036,A类,1,,,,,,,,,,
D0036-A005,D0036,A类,1,,,,,,,,,,
D0036-A006,D0036,A类,1,,,,,,,,,,
D0037-A001,D0037,A类,1,,,,,,,,,,
D0037-A002,D0037,A类,1,,,,,,,,,,
D0037-A003,D0037,A类,1,,,,,,,,,,
D0037-A004,D0037,A类,1,,,,,,,,,,
D0037-B001,D0037,B类,5,,,,,,,,,,
D0038-A001,D0038,A类,1,,,,,,,,,,
D0038-A002,D0038,A类,1,,,,,,,,,,
D0038-A003,D0038,A类,1,,,,,,,,,,
D0038-A004,D0038,A类,1,,,,,,,,,,
D0038-A005,D0038,A类,1,,,,,,,,,,
D0038-A006,D0038,A类,1,,,,,,,,,,
D0038-A007,D0038,A类,1,,,,,,,,,,
D0038-A008,D0038,A类,1,,,,,,,,,,
D0038-B001,D0038,B类,5,,,,,,,,,,
D0039-A001,D0039,A类,1,,,,,,,,,,
D0039-A002,D0039,A类,1,,,,,,,,,,
D0039-A003,D0039,A类,1,,,,,,,,,,
D0039-A004,D0039,A类,1,,,,,,,,,,
D0039-A005,D0039,A类,1,,,,,,,,,,
D0039-A006,D0039,A类,1,,,,,,,,,,
D0039-A007,D0039,A类,1,,,,,,,,,,
D0039-A008,D0039,A类,1,,,,,,,,,,
D0039-A009,D0039,A类,1,,,,,,,,,,
D0039-A010,D0039,A类,1,,,,,,,,,,
D0040-A001,D0040,A类,1,,,,,,,,,,
D0040-A002,D0040,A类,1,,,,,,,,,,
D0040-A003,D0040,A类,1,,,,,,,,,,
D0041-A001,D0041,A类,1,,,,,,,,,,
D0041-A002,D0041,A类,1,,,,,,,,,,
D0041-A003,D0041,A类,1,,,,,,,,,,
D0041-A004,D0041,A类,1,,,,,,,,,,
D0041-A005,D0041,A类,1,,,,,,,,,,
D0041-A006,D0041,A类,1,,,,,,,,,,
D0041-A007,D0041,A类,1,,,,,,,,,,
D0041-A008,D0041,A类,1,,,,,,,,,,
D0041-B001,D0041,B类,5,,,,,,,,,,
D0042-A001,D0042,A类,1,,,,,,,,,,
D0042-A002,D0042,A类,1,,,,,,,,,,
D0042-A003,D0042,A类,1,,,,,,,,,,
D0042-A004,D0042,A类,1,,,,,,,,,,
D0042-A005,D0042,A类,1,,,,,,,,,,
D0042-B001,D0042,B类,5,,,,,,,,,,
D0043-A001,D0043,A类,1,,,,,,,,,,
D0043-A002,D0043,A类,1,,,,,,,,,,
D0043-A003,D0043,A类,1,,,,,,,,,,
D0043-A004,D0043,A类,1,,,,,,,,,,
D0043-A005,D0043,A类,1,,,,,,,,,,
D0043-A006,D0043,A类,1,,,,,,,,,,
D0043-A007,D0043,A类,1,,,,,,,,,,
D0043-A008,D0043,A类,1,,,,,,,,,,
D0043-A009,D0043,A类,1,,,,,,,,,,
D0043-A010,D0043,A类,1,,,,,,,,,,
D0044-A001,D0044,A类,1,,,,,,,,,,
D0044-A002,D0044,A类,1,,,,,,,,,,
D0044-A003,D0044,A类,1,,,,,,,,,,
D0044-A004,D0044,A类,1,,,,,,,,,,
D0044-A005,D0044,A类,1,,,,,,,,,,
D0044-A006,D0044,A类,1,,,,,,,,,,
D0044-A007,D0044,A类,1,,,,,,,,,,
D0044-A008,D0044,A类,1,,,,,,,,,,
D0045-A001,D0045,A类,1,,,,,,,,,,
D0045-A002,D0045,A类,1,,,,,,,,,,
D0045-A003,D0045,A类,1,,,,,,,,,,
D0045-A004,D0045,A类,1,,,,,,,,,,
D0045-A005,D0045,A类,1,,,,,,,,,,
D0045-A006,D0045,A类,1,,,,,,,,,,
D0045-A007,D0045,A类,1,,,,,,,,,,
D0046-A001,D0046,A类,1,,,,,,,,,,
D0046-A002,D0046,A类,1,,,,,,,,,,
D0046-A003,D0046,A类,1,,,,,,,,,,
D0046-A004,D0046,A类,1,,,,,,,,,,
D0046-A005,D0046,A类,1,,,,,,,,,,
D0046-A006,D0046,A类,1,,,,,,,,,,
D0046-B001,D0046,B类,5,,,,,,,,,,
D0047-A001,D0047,A类,1,,,,,,,,,,
D0047-A002,D0047,A类,1,,,,,,,,,,
D0047-A003,D0047,A类,1,,,,,,,,,,
D0047-A004,D0047,A类,1,,,,,,,,,,
D0047-A005,D0047,A类,1,,,,,,,,,,
D0047-B001,D0047,B类,5,,,,,,,,,,
D0048-A001,D0048,A类,1,,,,,,,,,,
D0048-A002,D0048,A类,1,,,,,,,,,,
D0048-A003,D0048,A类,1,,,,,,,,,,
D0048-A004,D0048,A类,1,,,,,,,,,,
D0048-A005,D0048,A类,1,,,,,,,,,,
D0049-A001,D0049,A类,1,,,,,,,,,,
D0049-A002,D0049,A类,1,,,,,,,,,,
D0049-A003,D0049,A类,1,,,,,,,,,,
D0049-A004,D0049,A类,1,,,,,,,,,,
D0049-A005,D0049,A类,1,,,,,,,,,,
D0049-A006,D0049,A类,1,,,,,,,,,,
D0050-A001,D0050,A类,1,,,,,,,,,,
D0050-A002,D0050,A类,1,,,,,,,,,,
D0050-A003,D0050,A类,1,,,,,,,,,,
D0050-A004,D0050,A类,1,,,,,,,,,,
D0050-A005,D0050,A类,1,,,,,,,,,,
D0050-A006,D0050,A类,1,,,,,,,,,,
D0051-A001,D0051,A类,1,,,,,,,,,,
D0051-A002,D0051,A类,1,,,,,,,,,,
D0052-A001,D0052,A类,1,,,,,,,,,,
D0052-A002,D0052,A类,1,,,,,,,,,,
D0052-A003,D0052,A类,1,,,,,,,,,,
D0052-A004,D0052,A类,1,,,,,,,,,,
D0052-A005,D0052,A类,1,,,,,,,,,,
D0052-A006,D0052,A类,1,,,,,,,,,,
D0052-A007,D0052,A类,1,,,,,,,,,,
D0052-B001,D0052,B类,5,,,,,,,,,,
D0053-A001,D0053,A类,1,,,,,,,,,,
D0053-A002,D0053,A类,1,,,,,,,,,,
D0053-B001,D0053,B类,5,,,,,,,,,,
D0054-A001,D0054,A类,1,,,,,,,,,,
D0054-A002,D0054,A类,1,,,,,,,,,,
D0054-A003,D0054,A类,1,,,,,,,,,,
D0054-A004,D0054,A类,1,,,,,,,,,,
D0054-A005,D0054,A类,1,,,,,,,,,,
D0054-A006,D0054,A类,1,,,,,,,,,,
D0054-A007,D0054,A类,1,,,,,,,,,,
D0054-A008,D0054,A类,1,,,,,,,,,,
D0054-A009,D0054,A类,1,,,,,,,,,,
D0054-A010,D0054,A类,1,,,,,,,,,,
D0054-A011,D0054,A类,1,,,,,,,,,,
D0054-A012,D0054,A类,1,,,,,,,,,,
D0054-B001,D0054,B类,5,,,,,,,,,,
D0055-A001,D0055,A类,1,,,,,,,,,,
D0055-A002,D0055,A类,1,,,,,,,,,,
D0055-A003,D0055,A类,1,,,,,,,,,,
D0055-A004,D0055,A类,1,,,,,,,,,,
D0055-A005,D0055,A类,1,,,,,,,,,,
D0056-A001,D0056,A类,1,,,,,,,,,,
D0056-A002,D0056,A类,1,,,,,,,,,,
D0057-A001,D0057,A类,1,,,,,,,,,,
D0057-A002,D0057,A类,1,,,,,,,,,,
D0057-A003,D0057,A类,1,,,,,,,,,,
D0057-B001,D0057,B类,5,,,,,,,,,,
D0058-A001,D0058,A类,1,,,,,,,,,,
D0058-A002,D0058,A类,1,,,,,,,,,,
D0058-B001,D0058,B类,5,,,,,,,,,,
D0059-A001,D0059,A类,1,,,,,,,,,,
D0059-A002,D0059,A类,1,,,,,,,,,,
D0059-A003,D0059,A类,1,,,,,,,,,,
D0059-A004,D0059,A类,1,,,,,,,,,,
D0059-A005,D0059,A类,1,,,,,,,,,,
D0059-A006,D0059,A类,1,,,,,,,,,,
D0059-A007,D0059,A类,1,,,,,,,,,,
D0060-A001,D0060,A类,1,,,,,,,,,,
D0060-A002,D0060,A类,1,,,,,,,,,,
D0060-A003,D0060,A类,1,,,,,,,,,,
D0060-A004,D0060,A类,1,,,,,,,,,,
D0060-A005,D0060,A类,1,,,,,,,,,,
D0060-A006,D0060,A类,1,,,,,,,,,,
D0060-A007,D0060,A类,1,,,,,,,,,,
D0060-A008,D0060,A类,1,,,,,,,,,,
D0061-A001,D0061,A类,1,,,,,,,,,,
D0061-A002,D0061,A类,1,,,,,,,,,,
D0061-A003,D0061,A类,1,,,,,,,,,,
D0061-A004,D0061,A类,1,,,,,,,,,,
D0061-A005,D0061,A类,1,,,,,,,,,,
D0061-A006,D0061,A类,1,,,,,,,,,,
D0061-A007,D0061,A类,1,,,,,,,,,,
D0061-A008,D0061,A类,1,,,,,,,,,,
D0061-A009,D0061,A类,1,,,,,,,,,,
D0061-A010,D0061,A类,1,,,,,,,,,,
D0061-A011,D0061,A类,1,,,,,,,,,,
D0061-B001,D0061,B类,5,,,,,,,,,,
D0062-A001,D0062,A类,1,,,,,,,,,,
D0062-A002,D0062,A类,1,,,,,,,,,,
D0062-A003,D0062,A类,1,,,,,,,,,,
D0062-A004,D0062,A类,1,,,,,,,,,,
D0062-A005,D0062,A类,1,,,,,,,,,,
D0062-A006,D0062,A类,1,,,,,,,,,,
D0062-A007,D0062,A类,1,,,,,,,,,,
D0062-B001,D0062,B类,5,,,,,,,,,,
D0063-A001,D0063,A类,1,,,,,,,,,,
D0063-A002,D0063,A类,1,,,,,,,,,,
D0063-A003,D0063,A类,1,,,,,,,,,,
D0063-A004,D0063,A类,1,,,,,,,,,,
D0063-A005,D0063,A类,1,,,,,,,,,,
D0063-A006,D0063,A类,1,,,,,,,,,,
D0064-A001,D0064,A类,1,,,,,,,,,,
D0064-A002,D0064,A类,1,,,,,,,,,,
D0064-A003,D0064,A类,1,,,,,,,,,,
D0064-A004,D0064,A类,1,,,,,,,,,,
D0064-A005,D0064,A类,1,,,,,,,,,,
D0065-A001,D0065,A类,1,,,,,,,,,,
D0065-A002,D0065,A类,1,,,,,,,,,,
D0065-A003,D0065,A类,1,,,,,,,,,,
D0065-A004,D0065,A类,1,,,,,,,,,,
D0066-A001,D0066,A类,1,,,,,,,,,,
D0066-A002,D0066,A类,1,,,,,,,,,,
D0066-A003,D0066,A类,1,,,,,,,,,,
D0066-A004,D0066,A类,1,,,,,,,,,,
D0067-A001,D0067,A类,1,,,,,,,,,,
D0067-A002,D0067,A类,1,,,,,,,,,,
D0067-A003,D0067,A类,1,,,,,,,,,,
D0067-A004,D0067,A类,1,,,,,,,,,,
D0068-A001,D0068,A类,1,,,,,,,,,,
D0068-A002,D0068,A类,1,,,,,,,,,,
D0068-A003,D0068,A类,1,,,,,,,,,,
D0068-A004,D0068,A类,1,,,,,,,,,,
D0068-A005,D0068,A类,1,,,,,,,,,,
D0068-A006,D0068,A类,1,,,,,,,,,,
D0068-A007,D0068,A类,1,,,,,,,,,,
D0069-A001,D0069,A类,1,,,,,,,,,,
D0069-A002,D0069,A类,1,,,,,,,,,,
D0069-A003,D0069,A类,1,,,,,,,,,,
D0069-A004,D0069,A类,1,,,,,,,,,,
D0069-A005,D0069,A类,1,,,,,,,,,,
D0069-A006,D0069,A类,1,,,,,,,,,,
D0069-A007,D0069,A类,1,,,,,,,,,,
D0069-A008,D0069,A类,1,,,,,,,,,,
D0069-A009,D0069,A类,1,,,,,,,,,,
D0069-A010,D0069,A类,1,,,,,,,,,,
D0069-A011,D0069,A类,1,,,,,,,,,,
D0069-A012,D0069,A类,1,,,,,,,,,,
D0069-A013,D0069,A类,1,,,,,,,,,,
D0069-A014,D0069,A类,1,,,,,,,,,,
D0070-A001,D0070,A类,1,,,,,,,,,,
D0070-A002,D0070,A类,1,,,,,,,,,,
D0070-B001,D0070,B类,5,,,,,,,,,,
D0071-A001,D0071,A类,1,,,,,,,,,,
D0071-A002,D0071,A类,1,,,,,,,,,,
D0071-A003,D0071,A类,1,,,,,,,,,,
D0071-A004,D0071,A类,1,,,,,,,,,,
D0071-A005,D0071,A类,1,,,,,,,,,,
D0071-A006,D0071,A类,1,,,,,,,,,,
D0072-A001,D0072,A类,1,,,,,,,,,,
D0072-A002,D0072,A类,1,,,,,,,,,,
D0072-A003,D0072,A类,1,,,,,,,,,,
D0072-A004,D0072,A类,1,,,,,,,,,,
D0072-A005,D0072,A类,1,,,,,,,,,,
D0072-A006,D0072,A类,1,,,,,,,,,,
D0072-A007,D0072,A类,1,,,,,,,,,,
D0072-B001,D0072,B类,5,,,,,,,,,,
D0073-A001,D0073,A类,1,,,,,,,,,,
D0073-A002,D0073,A类,1,,,,,,,,,,
D0073-A003,D0073,A类,1,,,,,,,,,,
D0073-A004,D0073,A类,1,,,,,,,,,,
D0073-A005,D0073,A类,1,,,,,,,,,,
D0073-A006,D0073,A类,1,,,,,,,,,,
D0073-A007,D0073,A类,1,,,,,,,,,,
D0073-A008,D0073,A类,1,,,,,,,,,,
D0073-B001,D0073,B类,5,,,,,,,,,,
D0074-A001,D0074,A类,1,,,,,,,,,,
D0074-A002,D0074,A类,1,,,,,,,,,,
D0074-A003,D0074,A类,1,,,,,,,,,,
D0074-A004,D0074,A类,1,,,,,,,,,,
D0074-A005,D0074,A类,1,,,,,,,,,,
D0074-A006,D0074,A类,1,,,,,,,,,,
D0075-A001,D0075,A类,1,,,,,,,,,,
D0075-A002,D0075,A类,1,,,,,,,,,,
D0075-A003,D0075,A类,1,,,,,,,,,,
D0075-A004,D0075,A类,1,,,,,,,,,,
D0075-A005,D0075,A类,1,,,,,,,,,,
D0075-A006,D0075,A类,1,,,,,,,,,,
D0075-A007,D0075,A类,1,,,,,,,,,,
D0075-A008,D0075,A类,1,,,,,,,,,,
D0076-A001,D0076,A类,1,,,,,,,,,,
D0076-A002,D0076,A类,1,,,,,,,,,,
D0076-A003,D0076,A类,1,,,,,,,,,,
D0076-A004,D0076,A类,1,,,,,,,,,,
D0076-A005,D0076,A类,1,,,,,,,,,,
D0076-A006,D0076,A类,1,,,,,,,,,,
D0076-A007,D0076,A类,1,,,,,,,,,,
D0076-A008,D0076,A类,1,,,,,,,,,,
D0076-A009,D0076,A类,1,,,,,,,,,,
D0077-A001,D0077,A类,1,,,,,,,,,,
D0077-A002,D0077,A类,1,,,,,,,,,,
D0077-A003,D0077,A类,1,,,,,,,,,,
D0077-A004,D0077,A类,1,,,,,,,,,,
D0077-A005,D0077,A类,1,,,,,,,,,,
D0077-A006,D0077,A类,1,,,,,,,,,,
D0077-A007,D0077,A类,1,,,,,,,,,,
D0077-A008,D0077,A类,1,,,,,,,,,,
D0077-A009,D0077,A类,1,,,,,,,,,,
D0077-A010,D0077,A类,1,,,,,,,,,,
D0077-A011,D0077,A类,1,,,,,,,,,,
D0078-A001,D0078,A类,1,,,,,,,,,,
D0078-A002,D0078,A类,1,,,,,,,,,,
D0078-A003,D0078,A类,1,,,,,,,,,,
D0078-A004,D0078,A类,1,,,,,,,,,,
D0078-B001,D0078,B类,5,,,,,,,,,,
D0079-A001,D0079,A类,1,,,,,,,,,,
D0079-A002,D0079,A类,1,,,,,,,,,,
D0079-A003,D0079,A类,1,,,,,,,,,,
D0079-A004,D0079,A类,1,,,,,,,,,,
D0079-A005,D0079,A类,1,,,,,,,,,,
D0079-A006,D0079,A类,1,,,,,,,,,,
D0079-A007,D0079,A类,1,,,,,,,,,,
D0080-A001,D0080,A类,1,,,,,,,,,,
D0080-A002,D0080,A类,1,,,,,,,,,,
D0080-A003,D0080,A类,1,,,,,,,,,,
D0080-A004,D0080,A类,1,,,,,,,,,,
D0080-A005,D0080,A类,1,,,,,,,,,,
D0080-A006,D0080,A类,1,,,,,,,,,,
D0080-A007,D0080,A类,1,,,,,,,,,,
D0080-A008,D0080,A类,1,,,,,,,,,,
D0080-A009,D0080,A类,1,,,,,,,,,,
D0081-A001,D0081,A类,1,,,,,,,,,,
D0081-A002,D0081,A类,1,,,,,,,,,,
D0081-A003,D0081,A类,1,,,,,,,,,,
D0081-A004,D0081,A类,1,,,,,,,,,,
D0081-A005,D0081,A类,1,,,,,,,,,,
D0081-B001,D0081,B类,5,,,,,,,,,,
D0082-A001,D0082,A类,1,,,,,,,,,,
D0082-A002,D0082,A类,1,,,,,,,,,,
D0082-A003,D0082,A类,1,,,,,,,,,,
D0082-A004,D0082,A类,1,,,,,,,,,,
D0082-A005,D0082,A类,1,,,,,,,,,,
D0082-A006,D0082,A类,1,,,,,,,,,,
D0082-B001,D0082,B类,5,,,,,,,,,,
D0083-A001,D0083,A类,1,,,,,,,,,,
D0083-A002,D0083,A类,1,,,,,,,,,,
D0083-A003,D0083,A类,1,,,,,,,,,,
D0083-A004,D0083,A类,1,,,,,,,,,,
D0083-A005,D0083,A类,1,,,,,,,,,,
D0084-A001,D0084,A类,1,,,,,,,,,,
D0084-A002,D0084,A类,1,,,,,,,,,,
D0084-A003,D0084,A类,1,,,,,,,,,,
D0084-A004,D0084,A类,1,,,,,,,,,,
D0084-A005,D0084,A类,1,,,,,,,,,,
D0085-A001,D0085,A类,1,,,,,,,,,,
D0085-A002,D0085,A类,1,,,,,,,,,,
D0085-A003,D0085,A类,1,,,,,,,,,,
D0085-A004,D0085,A类,1,,,,,,,,,,
D0085-A005,D0085,A类,1,,,,,,,,,,
D0085-A006,D0085,A类,1,,,,,,,,,,
D0085-B001,D0085,B类,5,,,,,,,,,,
D0086-A001,D0086,A类,1,,,,,,,,,,
D0086-A002,D0086,A类,1,,,,,,,,,,
D0086-A003,D0086,A类,1,,,,,,,,,,
D0086-A004,D0086,A类,1,,,,,,,,,,
D0086-A005,D0086,A类,1,,,,,,,,,,
D0086-A006,D0086,A类,1,,,,,,,,,,
D0087-A001,D0087,A类,1,,,,,,,,,,
D0087-A002,D0087,A类,1,,,,,,,,,,
D0088-A001,D0088,A类,1,,,,,,,,,,
D0088-A002,D0088,A类,1,,,,,,,,,,
D0088-A003,D0088,A类,1,,,,,,,,,,
D0088-A004,D0088,A类,1,,,,,,,,,,
D0088-A005,D0088,A类,1,,,,,,,,,,
D0088-A006,D0088,A类,1,,,,,,,,,,
D0088-A007,D0088,A类,1,,,,,,,,,,
D0088-A008,D0088,A类,1,,,,,,,,,,
D0088-A009,D0088,A类,1,,,,,,,,,,
D0088-A010,D0088,A类,1,,,,,,,,,,
D0089-A001,D0089,A类,1,,,,,,,,,,
D0089-A002,D0089,A类,1,,,,,,,,,,
D0089-A003,D0089,A类,1,,,,,,,,,,
D0089-A004,D0089,A类,1,,,,,,,,,,
D0089-A005,D0089,A类,1,,,,,,,,,,
D0089-A006,D0089,A类,1,,,,,,,,,,
D0090-A001,D0090,A类,1,,,,,,,,,,
D0090-A002,D0090,A类,1,,,,,,,,,,
D0090-A003,D0090,A类,1,,,,,,,,,,
D0090-A004,D0090,A类,1,,,,,,,,,,
D0090-A005,D0090,A类,1,,,,,,,,,,
D0090-A006,D0090,A类,1,,,,,,,,,,
D0090-A007,D0090,A类,1,,,,,,,,,,
D0090-B001,D0090,B类,5,,,,,,,,,,
D0091-A001,D0091,A类,1,,,,,,,,,,
D0091-A002,D0091,A类,1,,,,,,,,,,
D0091-A003,D0091,A类,1,,,,,,,,,,
D0091-A004,D0091,A类,1,,,,,,,,,,
D0091-A005,D0091,A类,1,,,,,,,,,,
D0091-A006,D0091,A类,1,,,,,,,,,,
D0092-A001,D0092,A类,1,,,,,,,,,,
D0092-A002,D0092,A类,1,,,,,,,,,,
D0092-A003,D0092,A类,1,,,,,,,,,,
D0092-A004,D0092,A类,1,,,,,,,,,,
D0093-A001,D0093,A类,1,,,,,,,,,,
D0093-A002,D0093,A类,1,,,,,,,,,,
D0093-A003,D0093,A类,1,,,,,,,,,,
D0093-A004,D0093,A类,1,,,,,,,,,,
D0094-A001,D0094,A类,1,,,,,,,,,,
D0094-A002,D0094,A类,1,,,,,,,,,,
D0094-A003,D0094,A类,1,,,,,,,,,,
D0094-A004,D0094,A类,1,,,,,,,,,,
D0094-A005,D0094,A类,1,,,,,,,,,,
D0094-A006,D0094,A类,1,,,,,,,,,,
D0095-A001,D0095,A类,1,,,,,,,,,,
D0095-A002,D0095,A类,1,,,,,,,,,,
D0096-A001,D0096,A类,1,,,,,,,,,,
D0096-A002,D0096,A类,1,,,,,,,,,,
D0096-A003,D0096,A类,1,,,,,,,,,,
D0096-A004,D0096,A类,1,,,,,,,,,,
D0097-A001,D0097,A类,1,,,,,,,,,,
D0097-A002,D0097,A类,1,,,,,,,,,,
D0097-A003,D0097,A类,1,,,,,,,,,,
D0097-A004,D0097,A类,1,,,,,,,,,,
D0098-A001,D0098,A类,1,,,,,,,,,,
D0098-A002,D0098,A类,1,,,,,,,,,,
D0098-A003,D0098,A类,1,,,,,,,,,,
D0098-A004,D0098,A类,1,,,,,,,,,,
D0099-A001,D0099,A类,1,,,,,,,,,,
D0099-A002,D0099,A类,1,,,,,,,,,,
D0100-A001,D0100,A类,1,,,,,,,,,,
D0100-A002,D0100,A类,1,,,,,,,,,,
D0100-A003,D0100,A类,1,,,,,,,,,,
D0100-A004,D0100,A类,1,,,,,,,,,,
D0100-A005,D0100,A类,1,,,,,,,,,,
D0100-A006,D0100,A类,1,,,,,,,,,,
D0100-A007,D0100,A类,1,,,,,,,,,,
D0101-A001,D0101,A类,1,,,,,,,,,,
D0101-A002,D0101,A类,1,,,,,,,,,,
D0101-A003,D0101,A类,1,,,,,,,,,,
D0101-A004,D0101,A类,1,,,,,,,,,,
D0101-A005,D0101,A类,1,,,,,,,,,,
D0101-A006,D0101,A类,1,,,,,,,,,,
D0101-A007,D0101,A类,1,,,,,,,,,,
D0101-A008,D0101,A类,1,,,,,,,,,,
D0101-A009,D0101,A类,1,,,,,,,,,,
D0101-A010,D0101,A类,1,,,,,,,,,,
D0101-A011,D0101,A类,1,,,,,,,,,,
D0101-A012,D0101,A类,1,,,,,,,,,,
D0102-A001,D0102,A类,1,,,,,,,,,,
D0102-A002,D0102,A类,1,,,,,,,,,,
D0102-A003,D0102,A类,1,,,,,,,,,,
D0102-A004,D0102,A类,1,,,,,,,,,,
D0103-A001,D0103,A类,1,,,,,,,,,,
D0103-A002,D0103,A类,1,,,,,,,,,,
D0103-A003,D0103,A类,1,,,,,,,,,,
D0103-A004,D0103,A类,1,,,,,,,,,,
D0103-A005,D0103,A类,1,,,,,,,,,,
D0104-A001,D0104,A类,1,,,,,,,,,,
D0104-A002,D0104,A类,1,,,,,,,,,,
D0104-B001,D0104,B类,5,,,,,,,,,,
D0105-A001,D0105,A类,1,,,,,,,,,,
D0105-A002,D0105,A类,1,,,,,,,,,,
D0105-A003,D0105,A类,1,,,,,,,,,,
D0105-A004,D0105,A类,1,,,,,,,,,,
D0105-A005,D0105,A类,1,,,,,,,,,,
D0105-A006,D0105,A类,1,,,,,,,,,,
D0105-A007,D0105,A类,1,,,,,,,,,,
D0105-B001,D0105,B类,5,,,,,,,,,,
D0106-A001,D0106,A类,1,,,,,,,,,,
D0106-A002,D0106,A类,1,,,,,,,,,,
D0106-A003,D0106,A类,1,,,,,,,,,,
D0106-A004,D0106,A类,1,,,,,,,,,,
D0106-A005,D0106,A类,1,,,,,,,,,,
D0106-A006,D0106,A类,1,,,,,,,,,,
D0106-A007,D0106,A类,1,,,,,,,,,,
D0106-A008,D0106,A类,1,,,,,,,,,,
D0106-A009,D0106,A类,1,,,,,,,,,,
D0107-A001,D0107,A类,1,,,,,,,,,,
D0107-A002,D0107,A类,1,,,,,,,,,,
D0107-A003,D0107,A类,1,,,,,,,,,,
D0107-A004,D0107,A类,1,,,,,,,,,,
D0107-A005,D0107,A类,1,,,,,,,,,,
D0107-A006,D0107,A类,1,,,,,,,,,,
D0107-A007,D0107,A类,1,,,,,,,,,,
D0107-B001,D0107,B类,5,,,,,,,,,,
D0108-A001,D0108,A类,1,,,,,,,,,,
D0108-A002,D0108,A类,1,,,,,,,,,,
D0108-A003,D0108,A类,1,,,,,,,,,,
D0109-A001,D0109,A类,1,,,,,,,,,,
D0109-A002,D0109,A类,1,,,,,,,,,,
D0109-A003,D0109,A类,1,,,,,,,,,,
D0109-A004,D0109,A类,1,,,,,,,,,,
D0109-A005,D0109,A类,1,,,,,,,,,,
D0109-A006,D0109,A类,1,,,,,,,,,,
D0110-A001,D0110,A类,1,,,,,,,,,,
D0110-A002,D0110,A类,1,,,,,,,,,,
D0110-A003,D0110,A类,1,,,,,,,,,,
D0110-A004,D0110,A类,1,,,,,,,,,,
D0110-A005,D0110,A类,1,,,,,,,,,,
D0111-A001,D0111,A类,1,,,,,,,,,,
D0111-A002,D0111,A类,1,,,,,,,,,,
D0112-A001,D0112,A类,1,,,,,,,,,,
D0112-A002,D0112,A类,1,,,,,,,,,,
D0112-A003,D0112,A类,1,,,,,,,,,,
D0112-A004,D0112,A类,1,,,,,,,,,,
D0112-B001,D0112,B类,5,,,,,,,,,,
D0112-B002,D0112,B类,5,,,,,,,,,,
D0113-A001,D0113,A类,1,,,,,,,,,,
D0113-A002,D0113,A类,1,,,,,,,,,,
D0113-A003,D0113,A类,1,,,,,,,,,,
D0114-A001,D0114,A类,1,,,,,,,,,,
D0114-A002,D0114,A类,1,,,,,,,,,,
D0114-B001,D0114,B类,5,,,,,,,,,,
D0115-A001,D0115,A类,1,,,,,,,,,,
D0115-A002,D0115,A类,1,,,,,,,,,,
D0115-A003,D0115,A类,1,,,,,,,,,,
D0116-A001,D0116,A类,1,,,,,,,,,,
D0116-A002,D0116,A类,1,,,,,,,,,,
D0116-A003,D0116,A类,1,,,,,,,,,,
D0116-A004,D0116,A类,1,,,,,,,,,,
D0116-A005,D0116,A类,1,,,,,,,,,,
D0116-A006,D0116,A类,1,,,,,,,,,,
D0116-A007,D0116,A类,1,,,,,,,,,,
D0116-A008,D0116,A类,1,,,,,,,,,,
D0116-A009,D0116,A类,1,,,,,,,,,,
D0116-A010,D0116,A类,1,,,,,,,,,,
D0116-A011,D0116,A类,1,,,,,,,,,,
D0116-A012,D0116,A类,1,,,,,,,,,,
D0117-A001,D0117,A类,1,,,,,,,,,,
D0117-A002,D0117,A类,1,,,,,,,,,,
D0117-A003,D0117,A类,1,,,,,,,,,,
D0117-A004,D0117,A类,1,,,,,,,,,,
D0117-A005,D0117,A类,1,,,,,,,,,,
D0117-A006,D0117,A类,1,,,,,,,,,,
D0117-A007,D0117,A类,1,,,,,,,,,,
D0117-B001,D0117,B类,5,,,,,,,,,,
D0117-B002,D0117,B类,5,,,,,,,,,,
D0118-A001,D0118,A类,1,,,,,,,,,,
D0118-A002,D0118,A类,1,,,,,,,,,,
D0118-A003,D0118,A类,1,,,,,,,,,,
D0118-A004,D0118,A类,1,,,,,,,,,,
D0119-A001,D0119,A类,1,,,,,,,,,,
D0119-A002,D0119,A类,1,,,,,,,,,,
D0119-A003,D0119,A类,1,,,,,,,,,,
D0119-A004,D0119,A类,1,,,,,,,,,,
D0119-A005,D0119,A类,1,,,,,,,,,,
D0119-A006,D0119,A类,1,,,,,,,,,,
D0119-B001,D0119,B类,5,,,,,,,,,,
D0119-B002,D0119,B类,5,,,,,,,,,,
D0120-A001,D0120,A类,1,,,,,,,,,,
D0120-A002,D0120,A类,1,,,,,,,,,,
D0120-A003,D0120,A类,1,,,,,,,,,,
D0120-A004,D0120,A类,1,,,,,,,,,,
D0120-A005,D0120,A类,1,,,,,,,,,,
D0120-A006,D0120,A类,1,,,,,,,,,,
D0120-A007,D0120,A类,1,,,,,,,,,,
D0120-A008,D0120,A类,1,,,,,,,,,,
D0121-A001,D0121,A类,1,,,,,,,,,,
D0121-A002,D0121,A类,1,,,,,,,,,,
D0121-A003,D0121,A类,1,,,,,,,,,,
D0121-A004,D0121,A类,1,,,,,,,,,,
D0121-A005,D0121,A类,1,,,,,,,,,,
D0121-A006,D0121,A类,1,,,,,,,,,,
D0121-A007,D0121,A类,1,,,,,,,,,,
D0121-A008,D0121,A类,1,,,,,,,,,,
D0121-A009,D0121,A类,1,,,,,,,,,,
D0121-A010,D0121,A类,1,,,,,,,,,,
D0121-A011,D0121,A类,1,,,,,,,,,,
D0121-B001,D0121,B类,5,,,,,,,,,,
D0122-A001,D0122,A类,1,,,,,,,,,,
D0122-A002,D0122,A类,1,,,,,,,,,,
D0122-A003,D0122,A类,1,,,,,,,,,,
D0123-A001,D0123,A类,1,,,,,,,,,,
D0123-A002,D0123,A类,1,,,,,,,,,,
D0123-A003,D0123,A类,1,,,,,,,,,,
D0123-A004,D0123,A类,1,,,,,,,,,,
D0123-A005,D0123,A类,1,,,,,,,,,,
D0123-B001,D0123,B类,5,,,,,,,,,,
D0124-A001,D0124,A类,1,,,,,,,,,,
D0124-A002,D0124,A类,1,,,,,,,,,,
D0125-A001,D0125,A类,1,,,,,,,,,,
D0125-A002,D0125,A类,1,,,,,,,,,,
D0125-A003,D0125,A类,1,,,,,,,,,,
D0125-A004,D0125,A类,1,,,,,,,,,,
D0125-A005,D0125,A类,1,,,,,,,,,,
D0125-A006,D0125,A类,1,,,,,,,,,,
D0126-A001,D0126,A类,1,,,,,,,,,,
D0126-A002,D0126,A类,1,,,,,,,,,,
D0126-A003,D0126,A类,1,,,,,,,,,,
D0126-A004,D0126,A类,1,,,,,,,,,,
D0127-A001,D0127,A类,1,,,,,,,,,,
D0127-A002,D0127,A类,1,,,,,,,,,,
D0127-A003,D0127,A类,1,,,,,,,,,,
D0127-A004,D0127,A类,1,,,,,,,,,,
D0127-A005,D0127,A类,1,,,,,,,,,,
D0127-A006,D0127,A类,1,,,,,,,,,,
D0128-A001,D0128,A类,1,,,,,,,,,,
D0128-A002,D0128,A类,1,,,,,,,,,,
D0128-A003,D0128,A类,1,,,,,,,,,,
D0128-A004,D0128,A类,1,,,,,,,,,,
D0128-A005,D0128,A类,1,,,,,,,,,,
D0128-A006,D0128,A类,1,,,,,,,,,,
D0129-A001,D0129,A类,1,,,,,,,,,,
D0129-A002,D0129,A类,1,,,,,,,,,,
D0129-A003,D0129,A类,1,,,,,,,,,,
D0129-A004,D0129,A类,1,,,,,,,,,,
D0129-A005,D0129,A类,1,,,,,,,,,,
D0129-A006,D0129,A类,1,,,,,,,,,,
D0129-A007,D0129,A类,1,,,,,,,,,,
D0129-A008,D0129,A类,1,,,,,,,,,,
D0130-A001,D0130,A类,1,,,,,,,,,,
D0130-A002,D0130,A类,1,,,,,,,,,,
D0130-A003,D0130,A类,1,,,,,,,,,,
D0130-A004,D0130,A类,1,,,,,,,,,,
D0130-A005,D0130,A类,1,,,,,,,,,,
D0130-B001,D0130,B类,5,,,,,,,,,,
D0131-A001,D0131,A类,1,,,,,,,,,,
D0131-A002,D0131,A类,1,,,,,,,,,,
D0131-A003,D0131,A类,1,,,,,,,,,,
D0131-A004,D0131,A类,1,,,,,,,,,,
D0131-A005,D0131,A类,1,,,,,,,,,,
D0131-A006,D0131,A类,1,,,,,,,,,,
D0131-A007,D0131,A类,1,,,,,,,,,,
D0131-A008,D0131,A类,1,,,,,,,,,,
D0131-B001,D0131,B类,5,,,,,,,,,,
D0131-B002,D0131,B类,5,,,,,,,,,,
D0132-A001,D0132,A类,1,,,,,,,,,,
D0132-A002,D0132,A类,1,,,,,,,,,,
D0132-A003,D0132,A类,1,,,,,,,,,,
D0132-A004,D0132,A类,1,,,,,,,,,,
D0132-A005,D0132,A类,1,,,,,,,,,,
D0132-A006,D0132,A类,1,,,,,,,,,,
D0132-A007,D0132,A类,1,,,,,,,,,,
D0132-A008,D0132,A类,1,,,,,,,,,,
D0132-A009,D0132,A类,1,,,,,,,,,,
D0132-A010,D0132,A类,1,,,,,,,,,,
D0133-A001,D0133,A类,1,,,,,,,,,,
D0133-A002,D0133,A类,1,,,,,,,,,,
D0133-A003,D0133,A类,1,,,,,,,,,,
D0133-A004,D0133,A类,1,,,,,,,,,,
D0133-A005,D0133,A类,1,,,,,,,,,,
D0133-B001,D0133,B类,5,,,,,,,,,,
D0134-A001,D0134,A类,1,,,,,,,,,,
D0134-A002,D0134,A类,1,,,,,,,,,,
D0134-A003,D0134,A类,1,,,,,,,,,,
D0134-A004,D0134,A类,1,,,,,,,,,,
D0134-A005,D0134,A类,1,,,,,,,,,,
D0134-A006,D0134,A类,1,,,,,,,,,,
D0134-A007,D0134,A类,1,,,,,,,,,,
D0134-A008,D0134,A类,1,,,,,,,,,,
D0134-A009,D0134,A类,1,,,,,,,,,,
D0134-A010,D0134,A类,1,,,,,,,,,,
D0134-B001,D0134,B类,5,,,,,,,,,,
D0135-A001,D0135,A类,1,,,,,,,,,,
D0135-A002,D0135,A类,1,,,,,,,,,,
D0135-A003,D0135,A类,1,,,,,,,,,,
D0135-A004,D0135,A类,1,,,,,,,,,,
D0135-A005,D0135,A类,1,,,,,,,,,,
D0135-A006,D0135,A类,1,,,,,,,,,,
D0135-A007,D0135,A类,1,,,,,,,,,,
D0135-A008,D0135,A类,1,,,,,,,,,,
D0135-A009,D0135,A类,1,,,,,,,,,,
D0135-A010,D0135,A类,1,,,,,,,,,,
D0135-A011,D0135,A类,1,,,,,,,,,,
D0136-A001,D0136,A类,1,,,,,,,,,,
D0136-A002,D0136,A类,1,,,,,,,,,,
D0136-A003,D0136,A类,1,,,,,,,,,,
D0136-A004,D0136,A类,1,,,,,,,,,,
D0136-A005,D0136,A类,1,,,,,,,,,,
D0137-A001,D0137,A类,1,,,,,,,,,,
D0137-A002,D0137,A类,1,,,,,,,,,,
D0137-A003,D0137,A类,1,,,,,,,,,,
D0137-A004,D0137,A类,1,,,,,,,,,,
D0137-A005,D0137,A类,1,,,,,,,,,,
D0137-A006,D0137,A类,1,,,,,,,,,,
D0137-A007,D0137,A类,1,,,,,,,,,,
D0137-A008,D0137,A类,1,,,,,,,,,,
D0138-A001,D0138,A类,1,,,,,,,,,,
D0138-A002,D0138,A类,1,,,,,,,,,,
D0138-A003,D0138,A类,1,,,,,,,,,,
D0138-A004,D0138,A类,1,,,,,,,,,,
D0138-A005,D0138,A类,1,,,,,,,,,,
D0138-A006,D0138,A类,1,,,,,,,,,,
D0138-A007,D0138,A类,1,,,,,,,,,,
D0139-A001,D0139,A类,1,,,,,,,,,,
D0139-A002,D0139,A类,1,,,,,,,,,,
D0139-A003,D0139,A类,1,,,,,,,,,,
D0139-A004,D0139,A类,1,,,,,,,,,,
D0139-A005,D0139,A类,1,,,,,,,,,,
D0139-A006,D0139,A类,1,,,,,,,,,,
D0140-A001,D0140,A类,1,,,,,,,,,,
D0140-A002,D0140,A类,1,,,,,,,,,,
D0140-A003,D0140,A类,1,,,,,,,,,,
D0140-A004,D0140,A类,1,,,,,,,,,,
D0140-A005,D0140,A类,1,,,,,,,,,,
D0140-A006,D0140,A类,1,,,,,,,,,,
D0140-A007,D0140,A类,1,,,,,,,,,,
D0141-A001,D0141,A类,1,,,,,,,,,,
D0141-A002,D0141,A类,1,,,,,,,,,,
D0141-A003,D0141,A类,1,,,,,,,,,,
D0141-A004,D0141,A类,1,,,,,,,,,,
D0141-A005,D0141,A类,1,,,,,,,,,,
D0141-A006,D0141,A类,1,,,,,,,,,,
D0141-A007,D0141,A类,1,,,,,,,,,,
D0141-A008,D0141,A类,1,,,,,,,,,,
D0141-B001,D0141,B类,5,,,,,,,,,,
D0142-A001,D0142,A类,1,,,,,,,,,,
D0142-A002,D0142,A类,1,,,,,,,,,,
D0142-B001,D0142,B类,5,,,,,,,,,,
D0143-A001,D0143,A类,1,,,,,,,,,,
D0143-A002,D0143,A类,1,,,,,,,,,,
D0143-A003,D0143,A类,1,,,,,,,,,,
D0143-A004,D0143,A类,1,,,,,,,,,,
D0143-A005,D0143,A类,1,,,,,,,,,,
D0143-A006,D0143,A类,1,,,,,,,,,,
D0143-A007,D0143,A类,1,,,,,,,,,,
D0143-A008,D0143,A类,1,,,,,,,,,,
D0143-A009,D0143,A类,1,,,,,,,,,,
D0143-A010,D0143,A类,1,,,,,,,,,,
D0144-A001,D0144,A类,1,,,,,,,,,,
D0144-A002,D0144,A类,1,,,,,,,,,,
D0144-A003,D0144,A类,1,,,,,,,,,,
D0144-A004,D0144,A类,1,,,,,,,,,,
D0144-A005,D0144,A类,1,,,,,,,,,,
D0144-A006,D0144,A类,1,,,,,,,,,,
D0144-A007,D0144,A类,1,,,,,,,,,,
D0144-A008,D0144,A类,1,,,,,,,,,,
D0145-A001,D0145,A类,1,,,,,,,,,,
D0145-A002,D0145,A类,1,,,,,,,,,,
D0145-A003,D0145,A类,1,,,,,,,,,,
D0145-A004,D0145,A类,1,,,,,,,,,,
D0145-A005,D0145,A类,1,,,,,,,,,,
D0145-A006,D0145,A类,1,,,,,,,,,,
D0145-A007,D0145,A类,1,,,,,,,,,,
D0145-A008,D0145,A类,1,,,,,,,,,,
D0145-A009,D0145,A类,1,,,,,,,,,,
D0145-A010,D0145,A类,1,,,,,,,,,,
D0146-A001,D0146,A类,1,,,,,,,,,,
D0146-A002,D0146,A类,1,,,,,,,,,,
D0147-A001,D0147,A类,1,,,,,,,,,,
D0147-A002,D0147,A类,1,,,,,,,,,,
D0147-A003,D0147,A类,1,,,,,,,,,,
D0147-A004,D0147,A类,1,,,,,,,,,,
D0147-A005,D0147,A类,1,,,,,,,,,,
D0147-A006,D0147,A类,1,,,,,,,,,,
D0147-A007,D0147,A类,1,,,,,,,,,,
D0147-A008,D0147,A类,1,,,,,,,,,,
D0147-A009,D0147,A类,1,,,,,,,,,,
D0147-A010,D0147,A类,1,,,,,,,,,,
D0147-A011,D0147,A类,1,,,,,,,,,,
D0148-A001,D0148,A类,1,,,,,,,,,,
D0148-A002,D0148,A类,1,,,,,,,,,,
D0148-A003,D0148,A类,1,,,,,,,,,,
D0148-A004,D0148,A类,1,,,,,,,,,,
D0148-A005,D0148,A类,1,,,,,,,,,,
D0149-A001,D0149,A类,1,,,,,,,,,,
D0149-A002,D0149,A类,1,,,,,,,,,,
D0149-A003,D0149,A类,1,,,,,,,,,,
D0149-A004,D0149,A类,1,,,,,,,,,,
D0149-A005,D0149,A类,1,,,,,,,,,,
D0149-B001,D0149,B类,5,,,,,,,,,,
D0150-A001,D0150,A类,1,,,,,,,,,,
D0150-A002,D0150,A类,1,,,,,,,,,,
D0150-A003,D0150,A类,1,,,,,,,,,,
D0150-A004,D0150,A类,1,,,,,,,,,,
D0150-A005,D0150,A类,1,,,,,,,,,,
D0150-A006,D0150,A类,1,,,,,,,,,,
D0150-A007,D0150,A类,1,,,,,,,,,,
D0150-B001,D0150,B类,5,,,,,,,,,,
D0151-A001,D0151,A类,1,,,,,,,,,,
D0151-A002,D0151,A类,1,,,,,,,,,,
D0151-A003,D0151,A类,1,,,,,,,,,,
D0151-A004,D0151,A类,1,,,,,,,,,,
D0151-A005,D0151,A类,1,,,,,,,,,,
D0151-A006,D0151,A类,1,,,,,,,,,,
D0151-A007,D0151,A类,1,,,,,,,,,,
D0151-A008,D0151,A类,1,,,,,,,,,,
D0152-A001,D0152,A类,1,,,,,,,,,,
D0152-A002,D0152,A类,1,,,,,,,,,,
D0152-A003,D0152,A类,1,,,,,,,,,,
D0152-A004,D0152,A类,1,,,,,,,,,,
D0152-A005,D0152,A类,1,,,,,,,,,,
D0152-A006,D0152,A类,1,,,,,,,,,,
D0153-A001,D0153,A类,1,,,,,,,,,,
D0153-A002,D0153,A类,1,,,,,,,,,,
D0153-A003,D0153,A类,1,,,,,,,,,,
D0153-A004,D0153,A类,1,,,,,,,,,,
D0153-A005,D0153,A类,1,,,,,,,,,,
D0154-A001,D0154,A类,1,,,,,,,,,,
D0154-A002,D0154,A类,1,,,,,,,,,,
D0154-A003,D0154,A类,1,,,,,,,,,,
D0154-A004,D0154,A类,1,,,,,,,,,,
D0155-A001,D0155,A类,1,,,,,,,,,,
D0155-A002,D0155,A类,1,,,,,,,,,,
D0155-A003,D0155,A类,1,,,,,,,,,,
D0155-A004,D0155,A类,1,,,,,,,,,,
D0155-A005,D0155,A类,1,,,,,,,,,,
D0155-A006,D0155,A类,1,,,,,,,,,,
D0156-A001,D0156,A类,1,,,,,,,,,,
D0156-A002,D0156,A类,1,,,,,,,,,,
D0156-A003,D0156,A类,1,,,,,,,,,,
D0156-A004,D0156,A类,1,,,,,,,,,,
D0156-A005,D0156,A类,1,,,,,,,,,,
D0156-B001,D0156,B类,5,,,,,,,,,,
D0157-A001,D0157,A类,1,,,,,,,,,,
D0157-A002,D0157,A类,1,,,,,,,,,,
D0157-A003,D0157,A类,1,,,,,,,,,,
D0157-A004,D0157,A类,1,,,,,,,,,,
D0157-A005,D0157,A类,1,,,,,,,,,,
D0158-A001,D0158,A类,1,,,,,,,,,,
D0158-A002,D0158,A类,1,,,,,,,,,,
D0158-A003,D0158,A类,1,,,,,,,,,,
D0158-A004,D0158,A类,1,,,,,,,,,,
D0158-A005,D0158,A类,1,,,,,,,,,,
D0158-A006,D0158,A类,1,,,,,,,,,,
D0159-A001,D0159,A类,1,,,,,,,,,,
D0159-A002,D0159,A类,1,,,,,,,,,,
D0159-A003,D0159,A类,1,,,,,,,,,,
D0159-A004,D0159,A类,1,,,,,,,,,,
D0159-A005,D0159,A类,1,,,,,,,,,,
D0159-A006,D0159,A类,1,,,,,,,,,,
D0159-A007,D0159,A类,1,,,,,,,,,,
D0159-A008,D0159,A类,1,,,,,,,,,,
D0159-A009,D0159,A类,1,,,,,,,,,,
D0159-A010,D0159,A类,1,,,,,,,,,,
D0159-A011,D0159,A类,1,,,,,,,,,,
D0160-A001,D0160,A类,1,,,,,,,,,,
D0160-A002,D0160,A类,1,,,,,,,,,,
D0160-A003,D0160,A类,1,,,,,,,,,,
D0160-A004,D0160,A类,1,,,,,,,,,,
D0160-A005,D0160,A类,1,,,,,,,,,,
D0161-A001,D0161,A类,1,,,,,,,,,,
D0161-A002,D0161,A类,1,,,,,,,,,,
D0161-A003,D0161,A类,1,,,,,,,,,,
D0161-A004,D0161,A类,1,,,,,,,,,,
D0161-A005,D0161,A类,1,,,,,,,,,,
D0161-A006,D0161,A类,1,,,,,,,,,,
D0161-A007,D0161,A类,1,,,,,,,,,,
D0161-A008,D0161,A类,1,,,,,,,,,,
D0161-A009,D0161,A类,1,,,,,,,,,,
D0162-A001,D0162,A类,1,,,,,,,,,,
D0162-A002,D0162,A类,1,,,,,,,,,,
D0162-A003,D0162,A类,1,,,,,,,,,,
D0162-A004,D0162,A类,1,,,,,,,,,,
D0162-A005,D0162,A类,1,,,,,,,,,,
D0162-A006,D0162,A类,1,,,,,,,,,,
D0162-A007,D0162,A类,1,,,,,,,,,,
D0162-A008,D0162,A类,1,,,,,,,,,,
D0162-A009,D0162,A类,1,,,,,,,,,,
D0163-A001,D0163,A类,1,,,,,,,,,,
D0163-A002,D0163,A类,1,,,,,,,,,,
D0163-A003,D0163,A类,1,,,,,,,,,,
D0163-A004,D0163,A类,1,,,,,,,,,,
D0163-A005,D0163,A类,1,,,,,,,,,,
D0163-A006,D0163,A类,1,,,,,,,,,,
D0164-A001,D0164,A类,1,,,,,,,,,,
D0164-A002,D0164,A类,1,,,,,,,,,,
D0164-A003,D0164,A类,1,,,,,,,,,,
D0164-A004,D0164,A类,1,,,,,,,,,,
D0164-A005,D0164,A类,1,,,,,,,,,,
D0165-A001,D0165,A类,1,,,,,,,,,,
D0165-A002,D0165,A类,1,,,,,,,,,,
D0165-A003,D0165,A类,1,,,,,,,,,,
D0165-A004,D0165,A类,1,,,,,,,,,,
D0165-A005,D0165,A类,1,,,,,,,,,,
D0165-A006,D0165,A类,1,,,,,,,,,,
D0165-A007,D0165,A类,1,,,,,,,,,,
D0165-A008,D0165,A类,1,,,,,,,,,,
D0166-A001,D0166,A类,1,,,,,,,,,,
D0166-A002,D0166,A类,1,,,,,,,,,,
D0166-A003,D0166,A类,1,,,,,,,,,,
D0166-A004,D0166,A类,1,,,,,,,,,,
D0166-A005,D0166,A类,1,,,,,,,,,,
D0166-A006,D0166,A类,1,,,,,,,,,,
D0166-A007,D0166,A类,1,,,,,,,,,,
D0166-A008,D0166,A类,1,,,,,,,,,,
D0166-A009,D0166,A类,1,,,,,,,,,,
D0167-A001,D0167,A类,1,,,,,,,,,,
D0167-A002,D0167,A类,1,,,,,,,,,,
D0167-A003,D0167,A类,1,,,,,,,,,,
D0167-A004,D0167,A类,1,,,,,,,,,,
D0167-A005,D0167,A类,1,,,,,,,,,,
D0167-A006,D0167,A类,1,,,,,,,,,,
D0167-A007,D0167,A类,1,,,,,,,,,,
D0167-A008,D0167,A类,1,,,,,,,,,,
D0167-A009,D0167,A类,1,,,,,,,,,,
D0167-A010,D0167,A类,1,,,,,,,,,,
D0167-A011,D0167,A类,1,,,,,,,,,,
D0167-A012,D0167,A类,1,,,,,,,,,,
D0167-B001,D0167,B类,5,,,,,,,,,,
D0168-A001,D0168,A类,1,,,,,,,,,,
D0168-A002,D0168,A类,1,,,,,,,,,,
D0168-A003,D0168,A类,1,,,,,,,,,,
D0168-A004,D0168,A类,1,,,,,,,,,,
D0168-A005,D0168,A类,1,,,,,,,,,,
D0169-A001,D0169,A类,1,,,,,,,,,,
D0169-A002,D0169,A类,1,,,,,,,,,,
D0169-A003,D0169,A类,1,,,,,,,,,,
D0169-A004,D0169,A类,1,,,,,,,,,,
D0169-A005,D0169,A类,1,,,,,,,,,,
D0169-A006,D0169,A类,1,,,,,,,,,,
D0169-A007,D0169,A类,1,,,,,,,,,,
D0169-B001,D0169,B类,5,,,,,,,,,,
D0170-A001,D0170,A类,1,,,,,,,,,,
D0170-A002,D0170,A类,1,,,,,,,,,,
D0170-A003,D0170,A类,1,,,,,,,,,,
D0170-A004,D0170,A类,1,,,,,,,,,,
D0170-A005,D0170,A类,1,,,,,,,,,,
D0170-A006,D0170,A类,1,,,,,,,,,,
D0170-A007,D0170,A类,1,,,,,,,,,,
D0170-A008,D0170,A类,1,,,,,,,,,,
D0170-A009,D0170,A类,1,,,,,,,,,,
D0170-A010,D0170,A类,1,,,,,,,,,,
D0171-A001,D0171,A类,1,,,,,,,,,,
D0171-A002,D0171,A类,1,,,,,,,,,,
D0171-A003,D0171,A类,1,,,,,,,,,,
D0171-A004,D0171,A类,1,,,,,,,,,,
D0171-A005,D0171,A类,1,,,,,,,,,,
D0171-A006,D0171,A类,1,,,,,,,,,,
D0171-A007,D0171,A类,1,,,,,,,,,,
D0171-A008,D0171,A类,1,,,,,,,,,,
D0172-A001,D0172,A类,1,,,,,,,,,,
D0172-A002,D0172,A类,1,,,,,,,,,,
D0172-A003,D0172,A类,1,,,,,,,,,,
D0172-A004,D0172,A类,1,,,,,,,,,,
D0172-A005,D0172,A类,1,,,,,,,,,,
D0172-A006,D0172,A类,1,,,,,,,,,,
D0172-A007,D0172,A类,1,,,,,,,,,,
D0172-A008,D0172,A类,1,,,,,,,,,,
D0172-A009,D0172,A类,1,,,,,,,,,,
D0173-A001,D0173,A类,1,,,,,,,,,,
D0173-A002,D0173,A类,1,,,,,,,,,,
D0173-A003,D0173,A类,1,,,,,,,,,,
D0173-A004,D0173,A类,1,,,,,,,,,,
D0173-A005,D0173,A类,1,,,,,,,,,,
D0173-A006,D0173,A类,1,,,,,,,,,,
D0174-A001,D0174,A类,1,,,,,,,,,,
D0174-A002,D0174,A类,1,,,,,,,,,,
D0174-A003,D0174,A类,1,,,,,,,,,,
D0174-A004,D0174,A类,1,,,,,,,,,,
D0174-A005,D0174,A类,1,,,,,,,,,,
D0174-A006,D0174,A类,1,,,,,,,,,,
D0174-B001,D0174,B类,5,,,,,,,,,,
D0175-A001,D0175,A类,1,,,,,,,,,,
D0175-A002,D0175,A类,1,,,,,,,,,,
D0175-A003,D0175,A类,1,,,,,,,,,,
D0175-A004,D0175,A类,1,,,,,,,,,,
D0175-A005,D0175,A类,1,,,,,,,,,,
D0175-A006,D0175,A类,1,,,,,,,,,,
D0175-A007,D0175,A类,1,,,,,,,,,,
D0175-A008,D0175,A类,1,,,,,,,,,,
D0176-A001,D0176,A类,1,,,,,,,,,,
D0176-A002,D0176,A类,1,,,,,,,,,,
D0176-A003,D0176,A类,1,,,,,,,,,,
D0176-A004,D0176,A类,1,,,,,,,,,,
D0176-A005,D0176,A类,1,,,,,,,,,,
D0176-A006,D0176,A类,1,,,,,,,,,,
D0176-A007,D0176,A类,1,,,,,,,,,,
D0176-A008,D0176,A类,1,,,,,,,,,,
D0176-A009,D0176,A类,1,,,,,,,,,,
D0177-A001,D0177,A类,1,,,,,,,,,,
D0177-A002,D0177,A类,1,,,,,,,,,,
D0177-A003,D0177,A类,1,,,,,,,,,,
D0177-A004,D0177,A类,1,,,,,,,,,,
D0177-A005,D0177,A类,1,,,,,,,,,,
D0177-A006,D0177,A类,1,,,,,,,,,,
D0177-A007,D0177,A类,1,,,,,,,,,,
D0177-A008,D0177,A类,1,,,,,,,,,,
D0177-A009,D0177,A类,1,,,,,,,,,,
D0177-B001,D0177,B类,5,,,,,,,,,,
D0178-A001,D0178,A类,1,,,,,,,,,,
D0178-A002,D0178,A类,1,,,,,,,,,,
D0178-A003,D0178,A类,1,,,,,,,,,,
D0178-A004,D0178,A类,1,,,,,,,,,,
D0178-A005,D0178,A类,1,,,,,,,,,,
D0178-A006,D0178,A类,1,,,,,,,,,,
D0178-A007,D0178,A类,1,,,,,,,,,,
D0178-A008,D0178,A类,1,,,,,,,,,,
D0179-A001,D0179,A类,1,,,,,,,,,,
D0179-A002,D0179,A类,1,,,,,,,,,,
D0179-A003,D0179,A类,1,,,,,,,,,,
D0179-A004,D0179,A类,1,,,,,,,,,,
D0179-A005,D0179,A类,1,,,,,,,,,,
D0179-A006,D0179,A类,1,,,,,,,,,,
D0179-A007,D0179,A类,1,,,,,,,,,,
D0179-B001,D0179,B类,5,,,,,,,,,,
D0180-A001,D0180,A类,1,,,,,,,,,,
D0180-A002,D0180,A类,1,,,,,,,,,,
D0180-A003,D0180,A类,1,,,,,,,,,,
D0180-A004,D0180,A类,1,,,,,,,,,,
D0180-A005,D0180,A类,1,,,,,,,,,,
D0180-A006,D0180,A类,1,,,,,,,,,,
D0180-A007,D0180,A类,1,,,,,,,,,,
D0181-A001,D0181,A类,1,,,,,,,,,,
D0181-A002,D0181,A类,1,,,,,,,,,,
D0181-A003,D0181,A类,1,,,,,,,,,,
D0181-A004,D0181,A类,1,,,,,,,,,,
D0182-A001,D0182,A类,1,,,,,,,,,,
D0182-A002,D0182,A类,1,,,,,,,,,,
D0182-B001,D0182,B类,5,,,,,,,,,,
D0183-A001,D0183,A类,1,,,,,,,,,,
D0183-A002,D0183,A类,1,,,,,,,,,,
D0183-A003,D0183,A类,1,,,,,,,,,,
D0183-A004,D0183,A类,1,,,,,,,,,,
D0183-A005,D0183,A类,1,,,,,,,,,,
D0183-A006,D0183,A类,1,,,,,,,,,,
D0183-A007,D0183,A类,1,,,,,,,,,,
D0183-A008,D0183,A类,1,,,,,,,,,,
D0184-A001,D0184,A类,1,,,,,,,,,,
D0184-A002,D0184,A类,1,,,,,,,,,,
D0184-A003,D0184,A类,1,,,,,,,,,,
D0184-A004,D0184,A类,1,,,,,,,,,,
D0184-A005,D0184,A类,1,,,,,,,,,,
D0184-A006,D0184,A类,1,,,,,,,,,,
D0184-A007,D0184,A类,1,,,,,,,,,,
D0184-A008,D0184,A类,1,,,,,,,,,,
D0185-A001,D0185,A类,1,,,,,,,,,,
D0185-A002,D0185,A类,1,,,,,,,,,,
D0185-A003,D0185,A类,1,,,,,,,,,,
D0185-A004,D0185,A类,1,,,,,,,,,,
D0185-A005,D0185,A类,1,,,,,,,,,,
D0186-A001,D0186,A类,1,,,,,,,,,,
D0186-A002,D0186,A类,1,,,,,,,,,,
D0186-A003,D0186,A类,1,,,,,,,,,,
D0186-A004,D0186,A类,1,,,,,,,,,,
D0186-A005,D0186,A类,1,,,,,,,,,,
D0186-A006,D0186,A类,1,,,,,,,,,,
D0186-A007,D0186,A类,1,,,,,,,,,,
D0186-A008,D0186,A类,1,,,,,,,,,,
D0186-A009,D0186,A类,1,,,,,,,,,,
D0186-A010,D0186,A类,1,,,,,,,,,,
D0186-A011,D0186,A类,1,,,,,,,,,,
D0187-A001,D0187,A类,1,,,,,,,,,,
D0187-A002,D0187,A类,1,,,,,,,,,,
D0187-A003,D0187,A类,1,,,,,,,,,,
D0187-B001,D0187,B类,5,,,,,,,,,,
D0188-A001,D0188,A类,1,,,,,,,,,,
D0188-A002,D0188,A类,1,,,,,,,,,,
D0188-A003,D0188,A类,1,,,,,,,,,,
D0188-A004,D0188,A类,1,,,,,,,,,,
D0188-A005,D0188,A类,1,,,,,,,,,,
D0188-A006,D0188,A类,1,,,,,,,,,,
D0188-A007,D0188,A类,1,,,,,,,,,,
D0188-A008,D0188,A类,1,,,,,,,,,,
D0188-A009,D0188,A类,1,,,,,,,,,,
D0189-A001,D0189,A类,1,,,,,,,,,,
D0189-A002,D0189,A类,1,,,,,,,,,,
D0189-A003,D0189,A类,1,,,,,,,,,,
D0189-A004,D0189,A类,1,,,,,,,,,,
D0189-A005,D0189,A类,1,,,,,,,,,,
D0189-A006,D0189,A类,1,,,,,,,,,,
D0190-A001,D0190,A类,1,,,,,,,,,,
D0190-A002,D0190,A类,1,,,,,,,,,,
D0190-A003,D0190,A类,1,,,,,,,,,,
D0190-A004,D0190,A类,1,,,,,,,,,,
D0190-A005,D0190,A类,1,,,,,,,,,,
D0190-A006,D0190,A类,1,,,,,,,,,,
D0190-A007,D0190,A类,1,,,,,,,,,,
D0190-A008,D0190,A类,1,,,,,,,,,,
D0190-A009,D0190,A类,1,,,,,,,,,,
D0190-B001,D0190,B类,5,,,,,,,,,,
D0191-A001,D0191,A类,1,,,,,,,,,,
D0191-A002,D0191,A类,1,,,,,,,,,,
D0191-A003,D0191,A类,1,,,,,,,,,,
D0191-A004,D0191,A类,1,,,,,,,,,,
D0191-A005,D0191,A类,1,,,,,,,,,,
D0191-A006,D0191,A类,1,,,,,,,,,,
D0191-A007,D0191,A类,1,,,,,,,,,,
D0191-A008,D0191,A类,1,,,,,,,,,,
D0191-A009,D0191,A类,1,,,,,,,,,,
D0191-A010,D0191,A类,1,,,,,,,,,,
D0192-A001,D0192,A类,1,,,,,,,,,,
D0192-A002,D0192,A类,1,,,,,,,,,,
D0192-A003,D0192,A类,1,,,,,,,,,,
D0192-A004,D0192,A类,1,,,,,,,,,,
D0192-A005,D0192,A类,1,,,,,,,,,,
D0192-A006,D0192,A类,1,,,,,,,,,,
D0192-A007,D0192,A类,1,,,,,,,,,,
D0192-B001,D0192,B类,5,,,,,,,,,,
D0193-A001,D0193,A类,1,,,,,,,,,,
D0193-A002,D0193,A类,1,,,,,,,,,,
D0193-A003,D0193,A类,1,,,,,,,,,,
D0193-A004,D0193,A类,1,,,,,,,,,,
D0193-A005,D0193,A类,1,,,,,,,,,,
D0193-A006,D0193,A类,1,,,,,,,,,,
D0193-A007,D0193,A类,1,,,,,,,,,,
D0194-A001,D0194,A类,1,,,,,,,,,,
D0194-A002,D0194,A类,1,,,,,,,,,,
D0194-A003,D0194,A类,1,,,,,,,,,,
D0194-A004,D0194,A类,1,,,,,,,,,,
D0194-A005,D0194,A类,1,,,,,,,,,,
D0194-A006,D0194,A类,1,,,,,,,,,,
D0194-A007,D0194,A类,1,,,,,,,,,,
D0195-A001,D0195,A类,1,,,,,,,,,,
D0195-A002,D0195,A类,1,,,,,,,,,,
D0195-A003,D0195,A类,1,,,,,,,,,,
D0195-A004,D0195,A类,1,,,,,,,,,,
D0195-A005,D0195,A类,1,,,,,,,,,,
D0195-A006,D0195,A类,1,,,,,,,,,,
D0195-A007,D0195,A类,1,,,,,,,,,,
D0195-A008,D0195,A类,1,,,,,,,,,,
D0195-A009,D0195,A类,1,,,,,,,,,,
D0195-A010,D0195,A类,1,,,,,,,,,,
D0195-A011,D0195,A类,1,,,,,,,,,,
D0195-B001,D0195,B类,5,,,,,,,,,,
D0195-B002,D0195,B类,5,,,,,,,,,,
D0196-A001,D0196,A类,1,,,,,,,,,,
D0196-A002,D0196,A类,1,,,,,,,,,,
D0196-A003,D0196,A类,1,,,,,,,,,,
D0196-A004,D0196,A类,1,,,,,,,,,,
D0196-A005,D0196,A类,1,,,,,,,,,,
D0196-A006,D0196,A类,1,,,,,,,,,,
D0196-A007,D0196,A类,1,,,,,,,,,,
D0196-A008,D0196,A类,1,,,,,,,,,,
D0197-A001,D0197,A类,1,,,,,,,,,,
D0197-A002,D0197,A类,1,,,,,,,,,,
D0197-A003,D0197,A类,1,,,,,,,,,,
D0197-A004,D0197,A类,1,,,,,,,,,,
D0197-A005,D0197,A类,1,,,,,,,,,,
D0197-A006,D0197,A类,1,,,,,,,,,,
D0198-A001,D0198,A类,1,,,,,,,,,,
D0198-A002,D0198,A类,1,,,,,,,,,,
D0198-A003,D0198,A类,1,,,,,,,,,,
D0198-A004,D0198,A类,1,,,,,,,,,,
D0198-A005,D0198,A类,1,,,,,,,,,,
D0198-A006,D0198,A类,1,,,,,,,,,,
D0198-A007,D0198,A类,1,,,,,,,,,,
D0199-A001,D0199,A类,1,,,,,,,,,,
D0199-A002,D0199,A类,1,,,,,,,,,,
D0199-A003,D0199,A类,1,,,,,,,,,,
D0199-A004,D0199,A类,1,,,,,,,,,,
D0199-A005,D0199,A类,1,,,,,,,,,,
D0199-A006,D0199,A类,1,,,,,,,,,,
D0199-A007,D0199,A类,1,,,,,,,,,,
D0199-B001,D0199,B类,5,,,,,,,,,,
D0199-B002,D0199,B类,5,,,,,,,,,,
D0200-A001,D0200,A类,1,,,,,,,,,,
D0200-A002,D0200,A类,1,,,,,,,,,,
D0201-A001,D0201,A类,1,,,,,,,,,,
D0201-A002,D0201,A类,1,,,,,,,,,,
D0201-A003,D0201,A类,1,,,,,,,,,,
D0201-A004,D0201,A类,1,,,,,,,,,,
D0201-A005,D0201,A类,1,,,,,,,,,,
D0201-A006,D0201,A类,1,,,,,,,,,,
D0201-A007,D0201,A类,1,,,,,,,,,,
D0201-A008,D0201,A类,1,,,,,,,,,,
D0201-A009,D0201,A类,1,,,,,,,,,,
D0202-A001,D0202,A类,1,,,,,,,,,,
D0202-A002,D0202,A类,1,,,,,,,,,,
D0202-A003,D0202,A类,1,,,,,,,,,,
D0202-A004,D0202,A类,1,,,,,,,,,,
D0202-A005,D0202,A类,1,,,,,,,,,,
D0202-A006,D0202,A类,1,,,,,,,,,,
D0202-A007,D0202,A类,1,,,,,,,,,,
D0202-A008,D0202,A类,1,,,,,,,,,,
D0203-A001,D0203,A类,1,,,,,,,,,,
D0203-A002,D0203,A类,1,,,,,,,,,,
D0203-A003,D0203,A类,1,,,,,,,,,,
D0203-A004,D0203,A类,1,,,,,,,,,,
D0203-A005,D0203,A类,1,,,,,,,,,,
D0203-B001,D0203,B类,5,,,,,,,,,,
D0204-A001,D0204,A类,1,,,,,,,,,,
D0204-A002,D0204,A类,1,,,,,,,,,,
D0204-A003,D0204,A类,1,,,,,,,,,,
D0204-A004,D0204,A类,1,,,,,,,,,,
D0204-A005,D0204,A类,1,,,,,,,,,,
D0204-A006,D0204,A类,1,,,,,,,,,,
D0204-A007,D0204,A类,1,,,,,,,,,,
D0204-A008,D0204,A类,1,,,,,,,,,,
D0204-A009,D0204,A类,1,,,,,,,,,,
D0205-A001,D0205,A类,1,,,,,,,,,,
D0205-A002,D0205,A类,1,,,,,,,,,,
D0205-A003,D0205,A类,1,,,,,,,,,,
D0205-A004,D0205,A类,1,,,,,,,,,,
D0205-A005,D0205,A类,1,,,,,,,,,,
D0205-A006,D0205,A类,1,,,,,,,,,,
D0205-A007,D0205,A类,1,,,,,,,,,,
D0205-A008,D0205,A类,1,,,,,,,,,,
D0205-A009,D0205,A类,1,,,,,,,,,,
D0206-A001,D0206,A类,1,,,,,,,,,,
D0206-A002,D0206,A类,1,,,,,,,,,,
D0206-A003,D0206,A类,1,,,,,,,,,,
D0206-A004,D0206,A类,1,,,,,,,,,,
D0206-A005,D0206,A类,1,,,,,,,,,,
D0206-A006,D0206,A类,1,,,,,,,,,,
D0206-A007,D0206,A类,1,,,,,,,,,,
D0207-A001,D0207,A类,1,,,,,,,,,,
D0207-A002,D0207,A类,1,,,,,,,,,,
D0207-A003,D0207,A类,1,,,,,,,,,,
D0207-A004,D0207,A类,1,,,,,,,,,,
D0207-A005,D0207,A类,1,,,,,,,,,,
D0207-A006,D0207,A类,1,,,,,,,,,,
D0207-A007,D0207,A类,1,,,,,,,,,,
D0207-A008,D0207,A类,1,,,,,,,,,,
D0207-A009,D0207,A类,1,,,,,,,,,,
D0208-A001,D0208,A类,1,,,,,,,,,,
D0208-A002,D0208,A类,1,,,,,,,,,,
D0208-A003,D0208,A类,1,,,,,,,,,,
D0208-A004,D0208,A类,1,,,,,,,,,,
D0208-A005,D0208,A类,1,,,,,,,,,,
D0208-A006,D0208,A类,1,,,,,,,,,,
D0208-B001,D0208,B类,5,,,,,,,,,,
D0208-B002,D0208,B类,5,,,,,,,,,,
D0209-A001,D0209,A类,1,,,,,,,,,,
D0209-A002,D0209,A类,1,,,,,,,,,,
D0209-A003,D0209,A类,1,,,,,,,,,,
D0210-A001,D0210,A类,1,,,,,,,,,,
D0210-A002,D0210,A类,1,,,,,,,,,,
D0210-A003,D0210,A类,1,,,,,,,,,,
D0211-A001,D0211,A类,1,,,,,,,,,,
D0211-A002,D0211,A类,1,,,,,,,,,,
D0211-A003,D0211,A类,1,,,,,,,,,,
D0211-A004,D0211,A类,1,,,,,,,,,,
D0211-A005,D0211,A类,1,,,,,,,,,,
D0211-A006,D0211,A类,1,,,,,,,,,,
D0211-A007,D0211,A类,1,,,,,,,,,,
D0211-A008,D0211,A类,1,,,,,,,,,,
D0211-A009,D0211,A类,1,,,,,,,,,,
D0212-A001,D0212,A类,1,,,,,,,,,,
D0212-A002,D0212,A类,1,,,,,,,,,,
D0212-B001,D0212,B类,5,,,,,,,,,,
D0213-A001,D0213,A类,1,,,,,,,,,,
D0213-A002,D0213,A类,1,,,,,,,,,,
D0213-A003,D0213,A类,1,,,,,,,,,,
D0213-A004,D0213,A类,1,,,,,,,,,,
D0213-A005,D0213,A类,1,,,,,,,,,,
D0214-A001,D0214,A类,1,,,,,,,,,,
D0214-A002,D0214,A类,1,,,,,,,,,,
D0214-A003,D0214,A类,1,,,,,,,,,,
D0214-A004,D0214,A类,1,,,,,,,,,,
D0214-A005,D0214,A类,1,,,,,,,,,,
D0214-A006,D0214,A类,1,,,,,,,,,,
D0214-A007,D0214,A类,1,,,,,,,,,,
D0214-A008,D0214,A类,1,,,,,,,,,,
D0214-A009,D0214,A类,1,,,,,,,,,,
D0214-B001,D0214,B类,5,,,,,,,,,,
D0215-A001,D0215,A类,1,,,,,,,,,,
D0215-A002,D0215,A类,1,,,,,,,,,,
D0215-A003,D0215,A类,1,,,,,,,,,,
D0215-A004,D0215,A类,1,,,,,,,,,,
D0216-A001,D0216,A类,1,,,,,,,,,,
D0216-A002,D0216,A类,1,,,,,,,,,,
D0216-A003,D0216,A类,1,,,,,,,,,,
D0216-A004,D0216,A类,1,,,,,,,,,,
D0216-A005,D0216,A类,1,,,,,,,,,,
D0216-A006,D0216,A类,1,,,,,,,,,,
D0217-A001,D0217,A类,1,,,,,,,,,,
D0217-A002,D0217,A类,1,,,,,,,,,,
D0217-A003,D0217,A类,1,,,,,,,,,,
D0218-A001,D0218,A类,1,,,,,,,,,,
D0218-A002,D0218,A类,1,,,,,,,,,,
D0218-A003,D0218,A类,1,,,,,,,,,,
D0218-A004,D0218,A类,1,,,,,,,,,,
D0218-A005,D0218,A类,1,,,,,,,,,,
D0218-A006,D0218,A类,1,,,,,,,,,,
D0218-A007,D0218,A类,1,,,,,,,,,,
D0218-A008,D0218,A类,1,,,,,,,,,,
D0219-A001,D0219,A类,1,,,,,,,,,,
D0219-A002,D0219,A类,1,,,,,,,,,,
D0219-A003,D0219,A类,1,,,,,,,,,,
D0219-A004,D0219,A类,1,,,,,,,,,,
D0219-A005,D0219,A类,1,,,,,,,,,,
D0219-A006,D0219,A类,1,,,,,,,,,,
D0219-A007,D0219,A类,1,,,,,,,,,,
D0219-A008,D0219,A类,1,,,,,,,,,,
D0219-A009,D0219,A类,1,,,,,,,,,,
D0219-B001,D0219,B类,5,,,,,,,,,,
D0219-B002,D0219,B类,5,,,,,,,,,,
D0220-A001,D0220,A类,1,,,,,,,,,,
D0220-A002,D0220,A类,1,,,,,,,,,,
D0220-A003,D0220,A类,1,,,,,,,,,,
D0220-A004,D0220,A类,1,,,,,,,,,,
D0220-A005,D0220,A类,1,,,,,,,,,,
D0220-B001,D0220,B类,5,,,,,,,,,,
D0221-A001,D0221,A类,1,,,,,,,,,,
D0221-A002,D0221,A类,1,,,,,,,,,,
D0221-A003,D0221,A类,1,,,,,,,,,,
D0222-A001,D0222,A类,1,,,,,,,,,,
D0222-A002,D0222,A类,1,,,,,,,,,,
D0222-A003,D0222,A类,1,,,,,,,,,,
D0222-A004,D0222,A类,1,,,,,,,,,,
D0222-A005,D0222,A类,1,,,,,,,,,,
D0222-A006,D0222,A类,1,,,,,,,,,,
D0223-A001,D0223,A类,1,,,,,,,,,,
D0223-A002,D0223,A类,1,,,,,,,,,,
D0223-A003,D0223,A类,1,,,,,,,,,,
D0224-A001,D0224,A类,1,,,,,,,,,,
D0224-A002,D0224,A类,1,,,,,,,,,,
D0224-A003,D0224,A类,1,,,,,,,,,,
D0224-A004,D0224,A类,1,,,,,,,,,,
D0224-A005,D0224,A类,1,,,,,,,,,,
D0224-A006,D0224,A类,1,,,,,,,,,,
D0224-A007,D0224,A类,1,,,,,,,,,,
D0224-A008,D0224,A类,1,,,,,,,,,,
D0224-A009,D0224,A类,1,,,,,,,,,,
D0224-A010,D0224,A类,1,,,,,,,,,,
D0224-B001,D0224,B类,5,,,,,,,,,,
D0225-A001,D0225,A类,1,,,,,,,,,,
D0225-A002,D0225,A类,1,,,,,,,,,,
D0225-A003,D0225,A类,1,,,,,,,,,,
D0225-A004,D0225,A类,1,,,,,,,,,,
D0226-A001,D0226,A类,1,,,,,,,,,,
D0226-A002,D0226,A类,1,,,,,,,,,,
D0226-A003,D0226,A类,1,,,,,,,,,,
D0226-A004,D0226,A类,1,,,,,,,,,,
D0226-A005,D0226,A类,1,,,,,,,,,,
D0226-A006,D0226,A类,1,,,,,,,,,,
D0226-A007,D0226,A类,1,,,,,,,,,,
D0226-A008,D0226,A类,1,,,,,,,,,,
D0227-A001,D0227,A类,1,,,,,,,,,,
D0227-A002,D0227,A类,1,,,,,,,,,,
D0227-A003,D0227,A类,1,,,,,,,,,,
D0227-A004,D0227,A类,1,,,,,,,,,,
D0227-A005,D0227,A类,1,,,,,,,,,,
D0228-A001,D0228,A类,1,,,,,,,,,,
D0228-A002,D0228,A类,1,,,,,,,,,,
D0228-A003,D0228,A类,1,,,,,,,,,,
D0228-A004,D0228,A类,1,,,,,,,,,,
D0229-A001,D0229,A类,1,,,,,,,,,,
D0229-A002,D0229,A类,1,,,,,,,,,,
D0229-A003,D0229,A类,1,,,,,,,,,,
D0229-A004,D0229,A类,1,,,,,,,,,,
D0230-A001,D0230,A类,1,,,,,,,,,,
D0230-A002,D0230,A类,1,,,,,,,,,,
D0230-A003,D0230,A类,1,,,,,,,,,,
D0230-A004,D0230,A类,1,,,,,,,,,,
D0230-A005,D0230,A类,1,,,,,,,,,,
D0230-A006,D0230,A类,1,,,,,,,,,,
D0230-A007,D0230,A类,1,,,,,,,,,,
D0230-A008,D0230,A类,1,,,,,,,,,,
D0230-A009,D0230,A类,1,,,,,,,,,,
D0230-B001,D0230,B类,5,,,,,,,,,,
D0231-A001,D0231,A类,1,,,,,,,,,,
D0231-A002,D0231,A类,1,,,,,,,,,,
D0231-A003,D0231,A类,1,,,,,,,,,,
D0231-A004,D0231,A类,1,,,,,,,,,,
D0231-A005,D0231,A类,1,,,,,,,,,,
D0232-A001,D0232,A类,1,,,,,,,,,,
D0232-A002,D0232,A类,1,,,,,,,,,,
D0232-A003,D0232,A类,1,,,,,,,,,,
D0233-A001,D0233,A类,1,,,,,,,,,,
D0233-A002,D0233,A类,1,,,,,,,,,,
D0233-A003,D0233,A类,1,,,,,,,,,,
D0233-A004,D0233,A类,1,,,,,,,,,,
D0233-A005,D0233,A类,1,,,,,,,,,,
D0233-A006,D0233,A类,1,,,,,,,,,,
D0234-A001,D0234,A类,1,,,,,,,,,,
D0234-A002,D0234,A类,1,,,,,,,,,,
D0234-A003,D0234,A类,1,,,,,,,,,,
D0234-A004,D0234,A类,1,,,,,,,,,,
D0234-A005,D0234,A类,1,,,,,,,,,,
D0234-A006,D0234,A类,1,,,,,,,,,,
D0234-A007,D0234,A类,1,,,,,,,,,,
D0234-A008,D0234,A类,1,,,,,,,,,,
D0234-A009,D0234,A类,1,,,,,,,,,,
D0235-A001,D0235,A类,1,,,,,,,,,,
D0235-A002,D0235,A类,1,,,,,,,,,,
D0235-A003,D0235,A类,1,,,,,,,,,,
D0235-A004,D0235,A类,1,,,,,,,,,,
D0235-A005,D0235,A类,1,,,,,,,,,,
D0236-A001,D0236,A类,1,,,,,,,,,,
D0236-A002,D0236,A类,1,,,,,,,,,,
D0236-A003,D0236,A类,1,,,,,,,,,,
D0236-A004,D0236,A类,1,,,,,,,,,,
D0237-A001,D0237,A类,1,,,,,,,,,,
D0237-A002,D0237,A类,1,,,,,,,,,,
D0237-A003,D0237,A类,1,,,,,,,,,,
D0237-A004,D0237,A类,1,,,,,,,,,,
D0237-A005,D0237,A类,1,,,,,,,,,,
D0238-A001,D0238,A类,1,,,,,,,,,,
D0238-A002,D0238,A类,1,,,,,,,,,,
D0238-A003,D0238,A类,1,,,,,,,,,,
D0238-A004,D0238,A类,1,,,,,,,,,,
D0238-A005,D0238,A类,1,,,,,,,,,,
D0238-A006,D0238,A类,1,,,,,,,,,,
D0238-A007,D0238,A类,1,,,,,,,,,,
D0238-A008,D0238,A类,1,,,,,,,,,,
D0238-A009,D0238,A类,1,,,,,,,,,,
D0238-A010,D0238,A类,1,,,,,,,,,,
D0238-A011,D0238,A类,1,,,,,,,,,,
D0238-A012,D0238,A类,1,,,,,,,,,,
D0239-A001,D0239,A类,1,,,,,,,,,,
D0239-A002,D0239,A类,1,,,,,,,,,,
D0239-A003,D0239,A类,1,,,,,,,,,,
D0239-A004,D0239,A类,1,,,,,,,,,,
D0239-A005,D0239,A类,1,,,,,,,,,,
D0239-A006,D0239,A类,1,,,,,,,,,,
D0239-A007,D0239,A类,1,,,,,,,,,,
D0239-B001,D0239,B类,5,,,,,,,,,,
D0240-A001,D0240,A类,1,,,,,,,,,,
D0240-A002,D0240,A类,1,,,,,,,,,,
D0240-A003,D0240,A类,1,,,,,,,,,,
D0240-A004,D0240,A类,1,,,,,,,,,,
D0240-A005,D0240,A类,1,,,,,,,,,,
D0240-A006,D0240,A类,1,,,,,,,,,,
D0240-A007,D0240,A类,1,,,,,,,,,,
D0240-B001,D0240,B类,5,,,,,,,,,,
D0241-A001,D0241,A类,1,,,,,,,,,,
D0241-A002,D0241,A类,1,,,,,,,,,,
D0241-A003,D0241,A类,1,,,,,,,,,,
D0241-A004,D0241,A类,1,,,,,,,,,,
D0241-A005,D0241,A类,1,,,,,,,,,,
D0242-A001,D0242,A类,1,,,,,,,,,,
D0242-A002,D0242,A类,1,,,,,,,,,,
D0242-A003,D0242,A类,1,,,,,,,,,,
D0242-A004,D0242,A类,1,,,,,,,,,,
D0242-A005,D0242,A类,1,,,,,,,,,,
D0242-B001,D0242,B类,5,,,,,,,,,,
D0242-B002,D0242,B类,5,,,,,,,,,,
D0243-A001,D0243,A类,1,,,,,,,,,,
D0243-A002,D0243,A类,1,,,,,,,,,,
D0243-A003,D0243,A类,1,,,,,,,,,,
D0243-A004,D0243,A类,1,,,,,,,,,,
D0243-A005,D0243,A类,1,,,,,,,,,,
D0243-A006,D0243,A类,1,,,,,,,,,,
D0244-A001,D0244,A类,1,,,,,,,,,,
D0244-A002,D0244,A类,1,,,,,,,,,,
D0244-A003,D0244,A类,1,,,,,,,,,,
D0244-A004,D0244,A类,1,,,,,,,,,,
D0244-A005,D0244,A类,1,,,,,,,,,,
D0244-A006,D0244,A类,1,,,,,,,,,,
D0244-A007,D0244,A类,1,,,,,,,,,,
D0244-B001,D0244,B类,5,,,,,,,,,,
D0244-B002,D0244,B类,5,,,,,,,,,,
D0245-A001,D0245,A类,1,,,,,,,,,,
D0245-A002,D0245,A类,1,,,,,,,,,,
D0245-A003,D0245,A类,1,,,,,,,,,,
D0245-A004,D0245,A类,1,,,,,,,,,,
D0245-A005,D0245,A类,1,,,,,,,,,,
D0245-A006,D0245,A类,1,,,,,,,,,,
D0245-A007,D0245,A类,1,,,,,,,,,,
D0245-A008,D0245,A类,1,,,,,,,,,,
D0246-A001,D0246,A类,1,,,,,,,,,,
D0246-A002,D0246,A类,1,,,,,,,,,,
D0246-A003,D0246,A类,1,,,,,,,,,,
D0246-A004,D0246,A类,1,,,,,,,,,,
D0246-A005,D0246,A类,1,,,,,,,,,,
D0246-A006,D0246,A类,1,,,,,,,,,,
D0246-A007,D0246,A类,1,,,,,,,,,,
D0246-A008,D0246,A类,1,,,,,,,,,,
D0247-A001,D0247,A类,1,,,,,,,,,,
D0247-A002,D0247,A类,1,,,,,,,,,,
D0247-A003,D0247,A类,1,,,,,,,,,,
D0248-A001,D0248,A类,1,,,,,,,,,,
D0248-A002,D0248,A类,1,,,,,,,,,,
D0248-A003,D0248,A类,1,,,,,,,,,,
D0248-A004,D0248,A类,1,,,,,,,,,,
D0249-A001,D0249,A类,1,,,,,,,,,,
D0249-A002,D0249,A类,1,,,,,,,,,,
D0249-A003,D0249,A类,1,,,,,,,,,,
D0249-A004,D0249,A类,1,,,,,,,,,,
D0249-A005,D0249,A类,1,,,,,,,,,,
D0249-A006,D0249,A类,1,,,,,,,,,,
D0249-A007,D0249,A类,1,,,,,,,,,,
D0250-A001,D0250,A类,1,,,,,,,,,,
D0250-A002,D0250,A类,1,,,,,,,,,,
D0250-A003,D0250,A类,1,,,,,,,,,,
D0251-A001,D0251,A类,1,,,,,,,,,,
D0251-A002,D0251,A类,1,,,,,,,,,,
D0251-A003,D0251,A类,1,,,,,,,,,,
D0251-A004,D0251,A类,1,,,,,,,,,,
D0251-A005,D0251,A类,1,,,,,,,,,,
D0251-B001,D0251,B类,5,,,,,,,,,,
D0252-A001,D0252,A类,1,,,,,,,,,,
D0252-A002,D0252,A类,1,,,,,,,,,,
D0252-A003,D0252,A类,1,,,,,,,,,,
D0252-A004,D0252,A类,1,,,,,,,,,,
D0252-A005,D0252,A类,1,,,,,,,,,,
D0252-A006,D0252,A类,1,,,,,,,,,,
D0252-A007,D0252,A类,1,,,,,,,,,,
D0252-B001,D0252,B类,5,,,,,,,,,,
D0253-A001,D0253,A类,1,,,,,,,,,,
D0253-A002,D0253,A类,1,,,,,,,,,,
D0253-A003,D0253,A类,1,,,,,,,,,,
D0253-A004,D0253,A类,1,,,,,,,,,,
D0253-A005,D0253,A类,1,,,,,,,,,,
D0253-A006,D0253,A类,1,,,,,,,,,,
D0253-A007,D0253,A类,1,,,,,,,,,,
D0254-A001,D0254,A类,1,,,,,,,,,,
D0254-A002,D0254,A类,1,,,,,,,,,,
D0254-A003,D0254,A类,1,,,,,,,,,,
D0254-A004,D0254,A类,1,,,,,,,,,,
D0254-A005,D0254,A类,1,,,,,,,,,,
D0254-A006,D0254,A类,1,,,,,,,,,,
D0254-A007,D0254,A类,1,,,,,,,,,,
D0254-A008,D0254,A类,1,,,,,,,,,,
D0255-A001,D0255,A类,1,,,,,,,,,,
D0255-A002,D0255,A类,1,,,,,,,,,,
D0255-A003,D0255,A类,1,,,,,,,,,,
D0255-A004,D0255,A类,1,,,,,,,,,,
D0255-A005,D0255,A类,1,,,,,,,,,,
D0255-A006,D0255,A类,1,,,,,,,,,,
D0256-A001,D0256,A类,1,,,,,,,,,,
D0256-A002,D0256,A类,1,,,,,,,,,,
D0256-A003,D0256,A类,1,,,,,,,,,,
D0256-A004,D0256,A类,1,,,,,,,,,,
D0256-A005,D0256,A类,1,,,,,,,,,,
D0256-A006,D0256,A类,1,,,,,,,,,,
D0256-A007,D0256,A类,1,,,,,,,,,,
D0257-A001,D0257,A类,1,,,,,,,,,,
D0257-A002,D0257,A类,1,,,,,,,,,,
D0257-A003,D0257,A类,1,,,,,,,,,,
D0257-A004,D0257,A类,1,,,,,,,,,,
D0257-A005,D0257,A类,1,,,,,,,,,,
D0257-A006,D0257,A类,1,,,,,,,,,,
D0257-A007,D0257,A类,1,,,,,,,,,,
D0257-B001,D0257,B类,5,,,,,,,,,,
D0258-A001,D0258,A类,1,,,,,,,,,,
D0258-A002,D0258,A类,1,,,,,,,,,,
D0258-A003,D0258,A类,1,,,,,,,,,,
D0258-A004,D0258,A类,1,,,,,,,,,,
D0258-A005,D0258,A类,1,,,,,,,,,,
D0258-A006,D0258,A类,1,,,,,,,,,,
D0258-A007,D0258,A类,1,,,,,,,,,,
D0258-A008,D0258,A类,1,,,,,,,,,,
D0259-A001,D0259,A类,1,,,,,,,,,,
D0259-A002,D0259,A类,1,,,,,,,,,,
D0259-A003,D0259,A类,1,,,,,,,,,,
D0259-A004,D0259,A类,1,,,,,,,,,,
D0259-A005,D0259,A类,1,,,,,,,,,,
D0260-A001,D0260,A类,1,,,,,,,,,,
D0260-A002,D0260,A类,1,,,,,,,,,,
D0260-A003,D0260,A类,1,,,,,,,,,,
D0260-A004,D0260,A类,1,,,,,,,,,,
D0260-A005,D0260,A类,1,,,,,,,,,,
D0260-A006,D0260,A类,1,,,,,,,,,,
D0260-B001,D0260,B类,5,,,,,,,,,,
D0261-A001,D0261,A类,1,,,,,,,,,,
D0261-A002,D0261,A类,1,,,,,,,,,,
D0261-A003,D0261,A类,1,,,,,,,,,,
D0261-A004,D0261,A类,1,,,,,,,,,,
D0261-A005,D0261,A类,1,,,,,,,,,,
D0261-A006,D0261,A类,1,,,,,,,,,,
D0262-A001,D0262,A类,1,,,,,,,,,,
D0262-A002,D0262,A类,1,,,,,,,,,,
D0262-A003,D0262,A类,1,,,,,,,,,,
D0262-A004,D0262,A类,1,,,,,,,,,,
D0262-A005,D0262,A类,1,,,,,,,,,,
D0262-A006,D0262,A类,1,,,,,,,,,,
D0263-A001,D0263,A类,1,,,,,,,,,,
D0263-A002,D0263,A类,1,,,,,,,,,,
D0263-A003,D0263,A类,1,,,,,,,,,,
D0263-A004,D0263,A类,1,,,,,,,,,,
D0263-A005,D0263,A类,1,,,,,,,,,,
D0263-A006,D0263,A类,1,,,,,,,,,,
D0263-A007,D0263,A类,1,,,,,,,,,,
D0263-A008,D0263,A类,1,,,,,,,,,,
D0263-A009,D0263,A类,1,,,,,,,,,,
D0264-A001,D0264,A类,1,,,,,,,,,,
D0264-A002,D0264,A类,1,,,,,,,,,,
D0264-A003,D0264,A类,1,,,,,,,,,,
D0264-A004,D0264,A类,1,,,,,,,,,,
D0264-A005,D0264,A类,1,,,,,,,,,,
D0264-A006,D0264,A类,1,,,,,,,,,,
D0264-A007,D0264,A类,1,,,,,,,,,,
D0264-A008,D0264,A类,1,,,,,,,,,,
D0265-A001,D0265,A类,1,,,,,,,,,,
D0265-A002,D0265,A类,1,,,,,,,,,,
D0265-A003,D0265,A类,1,,,,,,,,,,
D0265-A004,D0265,A类,1,,,,,,,,,,
D0265-B001,D0265,B类,5,,,,,,,,,,
D0265-B002,D0265,B类,5,,,,,,,,,,
D0266-A001,D0266,A类,1,,,,,,,,,,
D0266-A002,D0266,A类,1,,,,,,,,,,
D0266-A003,D0266,A类,1,,,,,,,,,,
D0266-A004,D0266,A类,1,,,,,,,,,,
D0266-A005,D0266,A类,1,,,,,,,,,,
D0266-A006,D0266,A类,1,,,,,,,,,,
D0266-A007,D0266,A类,1,,,,,,,,,,
D0266-A008,D0266,A类,1,,,,,,,,,,
D0266-B001,D0266,B类,5,,,,,,,,,,
D0266-B002,D0266,B类,5,,,,,,,,,,
D0267-A001,D0267,A类,1,,,,,,,,,,
D0267-A002,D0267,A类,1,,,,,,,,,,
D0267-A003,D0267,A类,1,,,,,,,,,,
D0267-A004,D0267,A类,1,,,,,,,,,,
D0267-A005,D0267,A类,1,,,,,,,,,,
D0267-A006,D0267,A类,1,,,,,,,,,,
D0267-A007,D0267,A类,1,,,,,,,,,,
D0267-A008,D0267,A类,1,,,,,,,,,,
D0267-A009,D0267,A类,1,,,,,,,,,,
D0267-A010,D0267,A类,1,,,,,,,,,,
D0268-A001,D0268,A类,1,,,,,,,,,,
D0268-A002,D0268,A类,1,,,,,,,,,,
D0268-A003,D0268,A类,1,,,,,,,,,,
D0268-A004,D0268,A类,1,,,,,,,,,,
D0268-A005,D0268,A类,1,,,,,,,,,,
D0268-A006,D0268,A类,1,,,,,,,,,,
D0269-A001,D0269,A类,1,,,,,,,,,,
D0269-A002,D0269,A类,1,,,,,,,,,,
D0269-A003,D0269,A类,1,,,,,,,,,,
D0269-A004,D0269,A类,1,,,,,,,,,,
D0270-A001,D0270,A类,1,,,,,,,,,,
D0270-A002,D0270,A类,1,,,,,,,,,,
D0270-A003,D0270,A类,1,,,,,,,,,,
D0270-A004,D0270,A类,1,,,,,,,,,,
D0270-A005,D0270,A类,1,,,,,,,,,,
D0270-A006,D0270,A类,1,,,,,,,,,,
D0270-B001,D0270,B类,5,,,,,,,,,,
D0271-A001,D0271,A类,1,,,,,,,,,,
D0271-A002,D0271,A类,1,,,,,,,,,,
D0271-A003,D0271,A类,1,,,,,,,,,,
D0271-A004,D0271,A类,1,,,,,,,,,,
D0272-A001,D0272,A类,1,,,,,,,,,,
D0272-A002,D0272,A类,1,,,,,,,,,,
D0272-A003,D0272,A类,1,,,,,,,,,,
D0272-A004,D0272,A类,1,,,,,,,,,,
D0272-A005,D0272,A类,1,,,,,,,,,,
D0272-A006,D0272,A类,1,,,,,,,,,,
D0272-A007,D0272,A类,1,,,,,,,,,,
D0273-A001,D0273,A类,1,,,,,,,,,,
D0273-A002,D0273,A类,1,,,,,,,,,,
D0273-A003,D0273,A类,1,,,,,,,,,,
D0273-A004,D0273,A类,1,,,,,,,,,,
D0273-A005,D0273,A类,1,,,,,,,,,,
D0273-A006,D0273,A类,1,,,,,,,,,,
D0273-A007,D0273,A类,1,,,,,,,,,,
D0273-B001,D0273,B类,5,,,,,,,,,,
D0274-A001,D0274,A类,1,,,,,,,,,,
D0274-A002,D0274,A类,1,,,,,,,,,,
D0274-A003,D0274,A类,1,,,,,,,,,,
D0274-A004,D0274,A类,1,,,,,,,,,,
D0274-A005,D0274,A类,1,,,,,,,,,,
D0274-A006,D0274,A类,1,,,,,,,,,,
D0274-A007,D0274,A类,1,,,,,,,,,,
D0274-A008,D0274,A类,1,,,,,,,,,,
D0274-A009,D0274,A类,1,,,,,,,,,,
D0275-A001,D0275,A类,1,,,,,,,,,,
D0275-A002,D0275,A类,1,,,,,,,,,,
D0275-A003,D0275,A类,1,,,,,,,,,,
D0275-A004,D0275,A类,1,,,,,,,,,,
D0275-A005,D0275,A类,1,,,,,,,,,,
D0275-B001,D0275,B类,5,,,,,,,,,,
D0276-A001,D0276,A类,1,,,,,,,,,,
D0276-A002,D0276,A类,1,,,,,,,,,,
D0276-A003,D0276,A类,1,,,,,,,,,,
D0277-A001,D0277,A类,1,,,,,,,,,,
D0277-A002,D0277,A类,1,,,,,,,,,,
D0277-A003,D0277,A类,1,,,,,,,,,,
D0277-A004,D0277,A类,1,,,,,,,,,,
D0277-A005,D0277,A类,1,,,,,,,,,,
D0277-A006,D0277,A类,1,,,,,,,,,,
D0277-A007,D0277,A类,1,,,,,,,,,,
D0278-A001,D0278,A类,1,,,,,,,,,,
D0278-A002,D0278,A类,1,,,,,,,,,,
D0278-A003,D0278,A类,1,,,,,,,,,,
D0278-A004,D0278,A类,1,,,,,,,,,,
D0278-A005,D0278,A类,1,,,,,,,,,,
D0278-A006,D0278,A类,1,,,,,,,,,,
D0278-A007,D0278,A类,1,,,,,,,,,,
D0279-A001,D0279,A类,1,,,,,,,,,,
D0279-A002,D0279,A类,1,,,,,,,,,,
D0279-A003,D0279,A类,1,,,,,,,,,,
D0279-B001,D0279,B类,5,,,,,,,,,,
D0279-B002,D0279,B类,5,,,,,,,,,,
D0280-A001,D0280,A类,1,,,,,,,,,,
D0280-A002,D0280,A类,1,,,,,,,,,,
D0280-A003,D0280,A类,1,,,,,,,,,,
D0280-A004,D0280,A类,1,,,,,,,,,,
D0280-A005,D0280,A类,1,,,,,,,,,,
D0281-A001,D0281,A类,1,,,,,,,,,,
D0281-A002,D0281,A类,1,,,,,,,,,,
D0281-A003,D0281,A类,1,,,,,,,,,,
D0281-A004,D0281,A类,1,,,,,,,,,,
D0281-A005,D0281,A类,1,,,,,,,,,,
D0282-A001,D0282,A类,1,,,,,,,,,,
D0282-A002,D0282,A类,1,,,,,,,,,,
D0282-A003,D0282,A类,1,,,,,,,,,,
D0282-A004,D0282,A类,1,,,,,,,,,,
D0282-B001,D0282,B类,5,,,,,,,,,,
D0283-A001,D0283,A类,1,,,,,,,,,,
D0283-A002,D0283,A类,1,,,,,,,,,,
D0283-A003,D0283,A类,1,,,,,,,,,,
D0283-A004,D0283,A类,1,,,,,,,,,,
D0283-A005,D0283,A类,1,,,,,,,,,,
D0283-A006,D0283,A类,1,,,,,,,,,,
D0283-A007,D0283,A类,1,,,,,,,,,,
D0284-A001,D0284,A类,1,,,,,,,,,,
D0284-A002,D0284,A类,1,,,,,,,,,,
D0284-A003,D0284,A类,1,,,,,,,,,,
D0284-A004,D0284,A类,1,,,,,,,,,,
D0284-A005,D0284,A类,1,,,,,,,,,,
D0284-A006,D0284,A类,1,,,,,,,,,,
D0284-A007,D0284,A类,1,,,,,,,,,,
D0284-A008,D0284,A类,1,,,,,,,,,,
D0284-A009,D0284,A类,1,,,,,,,,,,
D0284-A010,D0284,A类,1,,,,,,,,,,
D0285-A001,D0285,A类,1,,,,,,,,,,
D0285-A002,D0285,A类,1,,,,,,,,,,
D0285-A003,D0285,A类,1,,,,,,,,,,
D0285-A004,D0285,A类,1,,,,,,,,,,
D0285-A005,D0285,A类,1,,,,,,,,,,
D0286-A001,D0286,A类,1,,,,,,,,,,
D0286-A002,D0286,A类,1,,,,,,,,,,
D0286-A003,D0286,A类,1,,,,,,,,,,
D0286-A004,D0286,A类,1,,,,,,,,,,
D0286-A005,D0286,A类,1,,,,,,,,,,
D0286-A006,D0286,A类,1,,,,,,,,,,
D0286-A007,D0286,A类,1,,,,,,,,,,
D0286-A008,D0286,A类,1,,,,,,,,,,
D0286-A009,D0286,A类,1,,,,,,,,,,
D0287-A001,D0287,A类,1,,,,,,,,,,
D0287-A002,D0287,A类,1,,,,,,,,,,
D0287-A003,D0287,A类,1,,,,,,,,,,
D0288-A001,D0288,A类,1,,,,,,,,,,
D0288-A002,D0288,A类,1,,,,,,,,,,
D0288-A003,D0288,A类,1,,,,,,,,,,
D0288-A004,D0288,A类,1,,,,,,,,,,
D0288-A005,D0288,A类,1,,,,,,,,,,
D0288-A006,D0288,A类,1,,,,,,,,,,
D0288-A007,D0288,A类,1,,,,,,,,,,
D0288-A008,D0288,A类,1,,,,,,,,,,
D0288-B001,D0288,B类,5,,,,,,,,,,
D0289-A001,D0289,A类,1,,,,,,,,,,
D0289-A002,D0289,A类,1,,,,,,,,,,
D0289-A003,D0289,A类,1,,,,,,,,,,
D0289-A004,D0289,A类,1,,,,,,,,,,
D0289-A005,D0289,A类,1,,,,,,,,,,
D0290-A001,D0290,A类,1,,,,,,,,,,
D0290-A002,D0290,A类,1,,,,,,,,,,
D0290-A003,D0290,A类,1,,,,,,,,,,
D0290-A004,D0290,A类,1,,,,,,,,,,
D0291-A001,D0291,A类,1,,,,,,,,,,
D0291-A002,D0291,A类,1,,,,,,,,,,
D0291-A003,D0291,A类,1,,,,,,,,,,
D0291-A004,D0291,A类,1,,,,,,,,,,
D0292-A001,D0292,A类,1,,,,,,,,,,
D0292-A002,D0292,A类,1,,,,,,,,,,
D0292-A003,D0292,A类,1,,,,,,,,,,
D0293-A001,D0293,A类,1,,,,,,,,,,
D0293-A002,D0293,A类,1,,,,,,,,,,
D0293-A003,D0293,A类,1,,,,,,,,,,
D0293-A004,D0293,A类,1,,,,,,,,,,
D0293-B001,D0293,B类,5,,,,,,,,,,
D0294-A001,D0294,A类,1,,,,,,,,,,
D0294-A002,D0294,A类,1,,,,,,,,,,
D0294-A003,D0294,A类,1,,,,,,,,,,
D0294-A004,D0294,A类,1,,,,,,,,,,
D0294-A005,D0294,A类,1,,,,,,,,,,
D0294-A006,D0294,A类,1,,,,,,,,,,
D0294-A007,D0294,A类,1,,,,,,,,,,
D0294-A008,D0294,A类,1,,,,,,,,,,
D0294-A009,D0294,A类,1,,,,,,,,,,
D0294-A010,D0294,A类,1,,,,,,,,,,
D0294-A011,D0294,A类,1,,,,,,,,,,
D0294-A012,D0294,A类,1,,,,,,,,,,
D0294-B001,D0294,B类,5,,,,,,,,,,
D0295-A001,D0295,A类,1,,,,,,,,,,
D0295-A002,D0295,A类,1,,,,,,,,,,
D0295-A003,D0295,A类,1,,,,,,,,,,
D0295-A004,D0295,A类,1,,,,,,,,,,
D0295-A005,D0295,A类,1,,,,,,,,,,
D0295-A006,D0295,A类,1,,,,,,,,,,
D0295-A007,D0295,A类,1,,,,,,,,,,
D0295-A008,D0295,A类,1,,,,,,,,,,
D0295-A009,D0295,A类,1,,,,,,,,,,
D0295-B001,D0295,B类,5,,,,,,,,,,
D0296-A001,D0296,A类,1,,,,,,,,,,
D0296-A002,D0296,A类,1,,,,,,,,,,
D0296-A003,D0296,A类,1,,,,,,,,,,
D0296-A004,D0296,A类,1,,,,,,,,,,
D0296-A005,D0296,A类,1,,,,,,,,,,
D0296-A006,D0296,A类,1,,,,,,,,,,
D0296-B001,D0296,B类,5,,,,,,,,,,
D0297-A001,D0297,A类,1,,,,,,,,,,
D0297-A002,D0297,A类,1,,,,,,,,,,
D0297-A003,D0297,A类,1,,,,,,,,,,
D0297-A004,D0297,A类,1,,,,,,,,,,
D0297-A005,D0297,A类,1,,,,,,,,,,
D0297-A006,D0297,A类,1,,,,,,,,,,
D0297-A007,D0297,A类,1,,,,,,,,,,
D0297-A008,D0297,A类,1,,,,,,,,,,
D0297-A009,D0297,A类,1,,,,,,,,,,
D0297-A010,D0297,A类,1,,,,,,,,,,
D0297-A011,D0297,A类,1,,,,,,,,,,
D0297-A012,D0297,A类,1,,,,,,,,,,
D0297-A013,D0297,A类,1,,,,,,,,,,
D0297-A014,D0297,A类,1,,,,,,,,,,
D0298-A001,D0298,A类,1,,,,,,,,,,
D0298-A002,D0298,A类,1,,,,,,,,,,
D0299-A001,D0299,A类,1,,,,,,,,,,
D0299-A002,D0299,A类,1,,,,,,,,,,
D0299-A003,D0299,A类,1,,,,,,,,,,
D0299-A004,D0299,A类,1,,,,,,,,,,
D0299-A005,D0299,A类,1,,,,,,,,,,
D0299-A006,D0299,A类,1,,,,,,,,,,
D0299-A007,D0299,A类,1,,,,,,,,,,
D0300-A001,D0300,A类,1,,,,,,,,,,
D0300-A002,D0300,A类,1,,,,,,,,,,
D0300-A003,D0300,A类,1,,,,,,,,,,
D0300-A004,D0300,A类,1,,,,,,,,,,
D0300-A005,D0300,A类,1,,,,,,,,,,
