需求点编号,X坐标(km),Y坐标(km),区域类型,无人车可达性,末端道路绕行系数,A类包裹数量,B类包裹数量,C类包裹数量,C类包裹时限(h)
D0001,39.740000000000002,87.349999999999994,urban,yes,1.0700000000000001,9,1,0,
D0002,80.150000000000006,83.980000000000004,hill,no,,7,0,0,
D0003,53.82,69.890000000000001,urban,yes,1.3500000000000001,8,0,0,
D0004,46.270000000000003,20.280000000000001,urban,yes,1.0800000000000001,5,2,0,
D0005,37.770000000000003,49.920000000000002,urban,yes,1.1000000000000001,10,1,0,
D0006,75.739999999999995,53.57,hill,yes,1.3899999999999999,5,0,0,
D0007,33.950000000000003,41.609999999999999,urban,yes,1.0800000000000001,6,0,0,
D0008,53.619999999999997,30.059999999999999,urban,yes,1.3200000000000001,6,0,0,
D0009,53.170000000000002,26.670000000000002,mountain,yes,1.9099999999999999,4,0,0,
D0010,85.260000000000005,83.310000000000002,hill,yes,1.6299999999999999,5,2,0,
D0011,45.780000000000001,1.03,urban,yes,1.1399999999999999,7,2,0,
D0012,22.57,38.039999999999999,urban,yes,1.3,3,0,0,
D0013,62.119999999999997,58.530000000000001,urban,yes,1.3300000000000001,9,2,0,
D0014,80.680000000000007,75.900000000000006,urban,yes,1.25,4,1,0,
D0015,74.239999999999995,53.969999999999999,hill,yes,1.3300000000000001,3,0,0,
D0016,26.629999999999999,50.990000000000002,urban,yes,1.0900000000000001,10,0,0,
D0017,26.5,68.670000000000002,hill,no,,4,0,0,
D0018,65.549999999999997,40.369999999999997,urban,yes,1.1799999999999999,5,0,0,
D0019,58.619999999999997,37.25,urban,yes,1.29,5,0,0,
D0020,58.340000000000003,85.019999999999996,lake,yes,1.49,7,0,0,
D0021,13.99,65.319999999999993,hill,yes,1.5600000000000001,5,0,0,
D0022,68.269999999999996,55.100000000000001,urban,yes,1.1499999999999999,5,0,0,
D0023,25.030000000000001,39.710000000000001,lake,no,,7,0,0,
D0024,42.759999999999998,99.310000000000002,urban,yes,1.28,5,0,0,
D0025,38.109999999999999,2.3799999999999999,urban,yes,1.1399999999999999,6,0,0,
D0026,71.359999999999999,44.07,urban,yes,1.29,5,1,0,
D0027,53.479999999999997,77.180000000000007,urban,yes,1.3,8,0,0,
D0028,24.199999999999999,44.670000000000002,urban,yes,1.26,5,1,0,
D0029,56.060000000000002,46.18,urban,yes,1.1899999999999999,9,0,0,
D0030,81.129999999999995,24.920000000000002,mountain,no,,8,0,0,
D0031,61.869999999999997,56.840000000000003,urban,yes,1.1399999999999999,9,0,0,
D0032,80.079999999999998,69.439999999999998,urban,yes,1.29,9,0,0,
D0033,14.17,55.039999999999999,mountain,no,,5,0,0,
D0034,81.840000000000003,20.859999999999999,hill,yes,1.6899999999999999,5,1,0,
D0035,47.719999999999999,2.5299999999999998,urban,yes,1.3300000000000001,6,1,0,
D0036,97.260000000000005,62.880000000000003,urban,yes,1.0800000000000001,6,0,0,
D0037,17.390000000000001,90.370000000000005,lake,yes,2,4,1,0,
D0038,82.060000000000002,79.900000000000006,urban,yes,1.1000000000000001,8,1,0,
D0039,50.079999999999998,70.939999999999998,urban,yes,1.3300000000000001,10,0,0,
D0040,89.469999999999999,84.049999999999997,hill,yes,1.3700000000000001,3,0,0,
D0041,40.359999999999999,5.9400000000000004,urban,yes,1.3300000000000001,8,1,0,
D0042,38.899999999999999,56.600000000000001,urban,yes,1.0700000000000001,5,1,0,
D0043,46.460000000000001,67.040000000000006,urban,no,,10,0,0,
D0044,75.040000000000006,52.899999999999999,urban,yes,1.3300000000000001,8,0,0,
D0045,98.540000000000006,75.870000000000005,urban,yes,1.1399999999999999,7,0,0,
D0046,25.129999999999999,42.689999999999998,urban,yes,1.3,6,1,0,
D0047,45.640000000000001,99.25,urban,yes,1.21,5,1,0,
D0048,4.04,30.640000000000001,lake,yes,1.74,5,0,0,
D0049,27.68,37.829999999999998,urban,yes,1.1399999999999999,6,0,0,
D0050,29.390000000000001,43.920000000000002,urban,yes,1.3200000000000001,6,0,0,
D0051,44.450000000000003,20.890000000000001,urban,yes,1.26,2,0,0,
D0052,91.780000000000001,64.790000000000006,urban,yes,1.3200000000000001,7,1,0,
D0053,82.319999999999993,78.469999999999999,urban,yes,1.1200000000000001,2,1,0,
D0054,51.289999999999999,54.090000000000003,urban,yes,1.0800000000000001,12,1,0,
D0055,50.939999999999998,15.609999999999999,urban,yes,1.1299999999999999,5,0,0,
D0056,52.18,37.200000000000003,urban,yes,1.3,2,0,0,
D0057,52.439999999999998,68.079999999999998,urban,yes,1.3,3,1,0,
D0058,84.480000000000004,81.129999999999995,urban,yes,1.1699999999999999,2,1,0,
D0059,80.939999999999998,36.039999999999999,hill,yes,1.29,7,0,0,
D0060,85.090000000000003,71.200000000000003,urban,yes,1.23,8,0,0,
D0061,51.100000000000001,30.050000000000001,urban,yes,1.0600000000000001,11,1,0,
D0062,42.259999999999998,87.370000000000005,urban,yes,1.1799999999999999,7,1,0,
D0063,12.91,67.310000000000002,hill,no,,6,0,0,
D0064,48.329999999999998,26.539999999999999,mountain,no,,5,0,0,
D0065,61.469999999999999,35.469999999999999,mountain,yes,2.0299999999999998,4,0,0,
D0066,75.569999999999993,14.31,mountain,yes,2.1400000000000001,4,0,0,
D0067,46.369999999999997,46.950000000000003,urban,yes,1.23,4,0,0,
D0068,45.950000000000003,60.43,urban,yes,1.3,7,0,0,
D0069,34.920000000000002,56.719999999999999,urban,yes,1.24,14,0,0,
D0070,99.390000000000001,69.340000000000003,urban,yes,1.1599999999999999,2,1,0,
D0071,71.230000000000004,81.069999999999993,urban,yes,1.1699999999999999,6,0,0,
D0072,79.790000000000006,67.060000000000002,urban,yes,1.21,7,1,0,
D0073,38.640000000000001,10.699999999999999,urban,yes,1.1699999999999999,8,1,0,
D0074,84.299999999999997,75.099999999999994,urban,yes,1.05,6,0,0,
D0075,63.350000000000001,24.469999999999999,urban,yes,1.24,8,0,0,
D0076,36.100000000000001,45.799999999999997,urban,yes,1.0800000000000001,9,0,0,
D0077,39.409999999999997,92.560000000000002,urban,yes,1.0700000000000001,11,0,0,
D0078,34.560000000000002,94.099999999999994,urban,yes,1.0800000000000001,4,1,0,
D0079,43.549999999999997,71.890000000000001,urban,yes,1.28,7,0,0,
D0080,44.829999999999998,14,urban,yes,1.21,9,0,0,
D0081,43.700000000000003,63.420000000000002,urban,yes,1.0800000000000001,5,1,0,
D0082,42.420000000000002,92.760000000000005,urban,yes,1.1399999999999999,6,1,0,
D0083,30.039999999999999,13.32,mountain,no,,5,0,0,
D0084,88.549999999999997,87.650000000000006,hill,yes,1.3999999999999999,5,0,0,
D0085,55.090000000000003,37.5,urban,yes,1.27,6,1,0,
D0086,92.269999999999996,69.260000000000005,urban,yes,1.23,6,0,0,
D0087,59.359999999999999,10.23,mountain,no,,2,0,0,
D0088,32.049999999999997,57.030000000000001,urban,yes,1.3300000000000001,10,0,0,
D0089,90.769999999999996,12.869999999999999,mountain,yes,2.2599999999999998,6,0,0,
D0090,93.159999999999997,61.759999999999998,urban,yes,1.1899999999999999,7,1,0,
D0091,14.94,17.739999999999998,hill,yes,1.74,6,0,0,
D0092,97.900000000000006,34.240000000000002,hill,yes,1.72,4,0,0,
D0093,70.329999999999998,20.109999999999999,mountain,no,,4,0,0,
D0094,56.259999999999998,47.969999999999999,urban,no,,6,0,0,
D0095,39.460000000000001,21.719999999999999,hill,yes,1.6000000000000001,2,0,0,
D0096,18.350000000000001,68.230000000000004,hill,yes,1.6399999999999999,4,0,0,
D0097,89.829999999999998,49.18,hill,yes,1.6599999999999999,4,0,0,
D0098,12.119999999999999,29.359999999999999,lake,no,,4,0,0,
D0099,19.609999999999999,11.23,hill,yes,1.6299999999999999,2,0,0,
D0100,62.880000000000003,44.210000000000001,urban,yes,1.3300000000000001,7,0,0,
D0101,51.189999999999998,51.579999999999998,urban,yes,1.0600000000000001,12,0,0,
D0102,47.759999999999998,51.25,urban,yes,1.3,4,0,0,
D0103,90.989999999999995,40.329999999999998,hill,yes,1.6699999999999999,5,0,0,
D0104,22.579999999999998,40.140000000000001,urban,yes,1.25,2,1,0,
D0105,77.109999999999999,65.450000000000003,hill,yes,1.5,7,1,0,
D0106,36.659999999999997,12.949999999999999,hill,no,,9,0,0,
D0107,62.159999999999997,45.479999999999997,urban,yes,1.0800000000000001,7,1,0,
D0108,29.739999999999998,40.219999999999999,urban,no,,3,0,0,
D0109,56.960000000000001,17.379999999999999,urban,yes,1.25,6,0,0,
D0110,22.739999999999998,7.1200000000000001,hill,no,,5,0,0,
D0111,89.200000000000003,0.59999999999999998,mountain,no,,2,0,0,
D0112,50.719999999999999,94.900000000000006,urban,yes,1.1799999999999999,4,2,0,
D0113,1.5600000000000001,80.239999999999995,lake,yes,1.5800000000000001,3,0,0,
D0114,57.659999999999997,76.25,urban,yes,1.25,2,1,0,
D0115,65.969999999999999,76.870000000000005,lake,yes,1.73,3,0,0,
D0116,44.939999999999998,99.439999999999998,urban,yes,1.1499999999999999,12,0,0,
D0117,82.939999999999998,69.739999999999995,urban,yes,1.25,7,2,0,
D0118,97.319999999999993,31.760000000000002,hill,no,,4,0,0,
D0119,36.880000000000003,60.549999999999997,urban,yes,1.2,6,2,0,
D0120,48.18,29.649999999999999,urban,yes,1.25,8,0,0,
D0121,51.960000000000001,16.170000000000002,urban,yes,1.1599999999999999,11,1,0,
D0122,54.729999999999997,22.170000000000002,urban,yes,1.1699999999999999,3,0,0,
D0123,49.32,92.510000000000005,urban,yes,1.3,5,1,0,
D0124,61.079999999999998,43.039999999999999,urban,yes,1.26,2,0,0,
D0125,91.549999999999997,62.630000000000003,hill,yes,1.3600000000000001,6,0,0,
D0126,91.840000000000003,64.170000000000002,urban,yes,1.1399999999999999,4,0,0,
D0127,34.939999999999998,5.8700000000000001,urban,yes,1.23,6,0,0,
D0128,41.979999999999997,10.550000000000001,urban,yes,1.1200000000000001,6,0,0,
D0129,93.780000000000001,69.609999999999999,urban,yes,1.1399999999999999,8,0,0,
D0130,64.25,81.120000000000005,lake,no,,5,1,0,
D0131,92.920000000000002,65.079999999999998,urban,yes,1.29,8,2,0,
D0132,78.909999999999997,71.049999999999997,urban,yes,1.3400000000000001,10,0,0,
D0133,85.120000000000005,39.469999999999999,hill,yes,1.28,5,1,0,
D0134,60.229999999999997,55.789999999999999,urban,yes,1.3300000000000001,10,1,0,
D0135,37.909999999999997,52.229999999999997,urban,yes,1.0700000000000001,11,0,0,
D0136,89.760000000000005,86.930000000000007,hill,yes,1.6899999999999999,5,0,0,
D0137,60.310000000000002,42.270000000000003,urban,yes,1.1799999999999999,8,0,0,
D0138,66.370000000000005,59.039999999999999,urban,yes,1.0900000000000001,7,0,0,
D0139,56.869999999999997,27.100000000000001,urban,yes,1.0700000000000001,6,0,0,
D0140,15.880000000000001,65.450000000000003,hill,yes,1.55,7,0,0,
D0141,42.229999999999997,91.840000000000003,urban,yes,1.1599999999999999,8,1,0,
D0142,83.209999999999994,81.870000000000005,hill,no,,2,1,0,
D0143,98.909999999999997,61.710000000000001,urban,yes,1.27,10,0,0,
D0144,98.549999999999997,76.310000000000002,urban,yes,1.25,8,0,0,
D0145,94.629999999999995,79.629999999999995,hill,no,,10,0,0,
D0146,85,67.579999999999998,urban,yes,1.0800000000000001,2,0,0,
D0147,32.310000000000002,37.359999999999999,urban,yes,1.25,11,0,0,
D0148,87.579999999999998,22.510000000000002,mountain,no,,5,0,0,
D0149,47.119999999999997,49.18,urban,yes,1.21,5,1,0,
D0150,22.57,38.780000000000001,urban,yes,1.2,7,1,0,
D0151,37.409999999999997,19.969999999999999,hill,yes,1.46,8,0,0,
D0152,62.350000000000001,34.479999999999997,urban,yes,1.2,6,0,0,
D0153,77.890000000000001,28.289999999999999,mountain,no,,5,0,0,
D0154,16.16,71.079999999999998,hill,no,,4,0,0,
D0155,29.100000000000001,64.340000000000003,hill,no,,6,0,0,
D0156,69.939999999999998,78.670000000000002,urban,yes,1.21,5,1,0,
D0157,66.069999999999993,58.969999999999999,urban,yes,1.1899999999999999,5,0,0,
D0158,81.969999999999999,83.099999999999994,urban,yes,1.26,6,0,0,
D0159,88.030000000000001,68.659999999999997,urban,yes,1.1799999999999999,11,0,0,
D0160,50.289999999999999,58.969999999999999,urban,yes,1.1000000000000001,5,0,0,
D0161,60.270000000000003,46.530000000000001,urban,yes,1.3400000000000001,9,0,0,
D0162,62,32.789999999999999,urban,yes,1.23,9,0,0,
D0163,72.900000000000006,74.719999999999999,urban,yes,1.1299999999999999,6,0,0,
D0164,61.329999999999998,12.44,mountain,yes,1.8600000000000001,5,0,0,
D0165,53.420000000000002,39.619999999999997,urban,yes,1.28,8,0,0,
D0166,27.93,48.549999999999997,urban,yes,1.1599999999999999,9,0,0,
D0167,72.569999999999993,59.020000000000003,urban,yes,1.3200000000000001,12,1,0,
D0168,72.560000000000002,51.710000000000001,urban,yes,1.23,5,0,0,
D0169,46.899999999999999,55.18,urban,yes,1.2,7,1,0,
D0170,88.640000000000001,73.269999999999996,urban,yes,1.1100000000000001,10,0,0,
D0171,43.810000000000002,80.959999999999994,urban,yes,1.23,8,0,0,
D0172,75.310000000000002,73.459999999999994,urban,yes,1.21,9,0,0,
D0173,47.649999999999999,65.780000000000001,urban,no,,6,0,0,
D0174,30.420000000000002,64.299999999999997,hill,yes,1.74,6,1,0,
D0175,29.390000000000001,68.450000000000003,hill,no,,8,0,0,
D0176,24.989999999999998,61.579999999999998,hill,yes,1.28,9,0,0,
D0177,48.159999999999997,71.689999999999998,urban,yes,1.26,9,1,0,
D0178,93.159999999999997,67.430000000000007,urban,yes,1.0700000000000001,8,0,0,
D0179,28.34,88.489999999999995,hill,yes,1.5,7,1,0,
D0180,93.950000000000003,68.810000000000002,urban,yes,1.1799999999999999,7,0,0,
D0181,70.629999999999995,10.130000000000001,mountain,yes,1.79,4,0,0,
D0182,66.420000000000002,58.380000000000003,urban,yes,1.3100000000000001,2,1,0,
D0183,55.590000000000003,16.52,urban,yes,1.3200000000000001,8,0,0,
D0184,55.420000000000002,76.959999999999994,urban,yes,1.3200000000000001,8,0,0,
D0185,14.76,66.909999999999997,mountain,no,,5,0,0,
D0186,32.219999999999999,37.740000000000002,urban,yes,1.3500000000000001,11,0,0,
D0187,5.6900000000000004,75,lake,no,,3,1,0,
D0188,91.760000000000005,62.140000000000001,urban,yes,1.1000000000000001,9,0,0,
D0189,20.010000000000002,11.84,mountain,yes,2.2000000000000002,6,0,0,
D0190,34.289999999999999,58.530000000000001,urban,yes,1.1100000000000001,9,1,0,
D0191,79.430000000000007,64.930000000000007,hill,yes,1.52,10,0,0,
D0192,49.479999999999997,97.620000000000005,urban,yes,1.0700000000000001,7,1,0,
D0193,39.710000000000001,49.659999999999997,urban,yes,1.1799999999999999,7,0,0,
D0194,96.689999999999998,62.020000000000003,urban,yes,1.1000000000000001,7,0,0,
D0195,96.109999999999999,88.739999999999995,hill,yes,1.45,11,2,0,
D0196,54.030000000000001,73.590000000000003,urban,yes,1.22,8,0,0,
D0197,64.609999999999999,38.630000000000003,urban,yes,1.3100000000000001,6,0,0,
D0198,14.57,62.060000000000002,hill,yes,1.6200000000000001,7,0,0,
D0199,80.340000000000003,82.430000000000007,hill,yes,1.6399999999999999,7,2,0,
D0200,53.240000000000002,7.1600000000000001,mountain,no,,2,0,0,
D0201,50.399999999999999,26.52,urban,yes,1.24,9,0,0,
D0202,87.359999999999999,37.670000000000002,hill,yes,1.6699999999999999,8,0,0,
D0203,96.010000000000005,55.299999999999997,hill,yes,1.53,5,1,0,
D0204,33.530000000000001,49.149999999999999,urban,yes,1.25,9,0,0,
D0205,40.030000000000001,56.329999999999998,urban,yes,1.1200000000000001,9,0,0,
D0206,23.530000000000001,36.399999999999999,urban,yes,1.3300000000000001,7,0,0,
D0207,67.319999999999993,60.189999999999998,urban,yes,1.23,9,0,0,
D0208,40.590000000000003,58.310000000000002,urban,yes,1.29,6,2,0,
D0209,56.770000000000003,24.52,urban,yes,1.1299999999999999,3,0,0,
D0210,34.539999999999999,39.609999999999999,urban,yes,1.1000000000000001,3,0,0,
D0211,15.880000000000001,60.939999999999998,hill,yes,1.3300000000000001,9,0,0,
D0212,15.57,89.980000000000004,lake,yes,1.45,2,1,0,
D0213,22.600000000000001,53.850000000000001,urban,yes,1.1699999999999999,5,0,0,
D0214,38.869999999999997,87.969999999999999,urban,yes,1.1899999999999999,9,1,0,
D0215,97.670000000000002,79.219999999999999,hill,yes,1.4099999999999999,4,0,0,
D0216,89.829999999999998,55.310000000000002,hill,yes,1.6699999999999999,6,0,0,
D0217,99.420000000000002,64.180000000000007,urban,yes,1.3400000000000001,3,0,0,
D0218,41.090000000000003,90.709999999999994,urban,yes,1.1100000000000001,8,0,0,
D0219,42.359999999999999,51.729999999999997,urban,yes,1.25,9,2,0,
D0220,73.019999999999996,61.07,hill,yes,1.3799999999999999,5,1,0,
D0221,82.969999999999999,75.989999999999995,urban,yes,1.0800000000000001,3,0,0,
D0222,43.289999999999999,61.229999999999997,urban,yes,1.22,6,0,0,
D0223,72.959999999999994,29.199999999999999,mountain,no,,3,0,0,
D0224,70.879999999999995,52.409999999999997,hill,yes,1.54,10,1,0,
D0225,34.210000000000001,95.969999999999999,urban,yes,1.1399999999999999,4,0,0,
D0226,25.300000000000001,64.5,hill,no,,8,0,0,
D0227,38.060000000000002,8.0600000000000005,urban,yes,1.25,5,0,0,
D0228,24.210000000000001,33.850000000000001,hill,yes,1.3700000000000001,4,0,0,
D0229,29.07,36.640000000000001,urban,no,,4,0,0,
D0230,86.980000000000004,75.5,urban,yes,1.3400000000000001,9,1,0,
D0231,54.939999999999998,81.810000000000002,lake,no,,5,0,0,
D0232,8.6500000000000004,4.8399999999999999,mountain,yes,1.6499999999999999,3,0,0,
D0233,25.210000000000001,51.270000000000003,urban,yes,1.1399999999999999,6,0,0,
D0234,83.150000000000006,26.75,mountain,no,,9,0,0,
D0235,61.810000000000002,45.439999999999998,urban,yes,1.1499999999999999,5,0,0,
D0236,12,44.600000000000001,lake,yes,1.6399999999999999,4,0,0,
D0237,61.719999999999999,33.619999999999997,urban,yes,1.3300000000000001,5,0,0,
D0238,94.560000000000002,62.009999999999998,urban,yes,1.0800000000000001,12,0,0,
D0239,41.100000000000001,87.909999999999997,urban,yes,1.0700000000000001,7,1,0,
D0240,35.329999999999998,45.030000000000001,urban,yes,1.3300000000000001,7,1,0,
D0241,48.640000000000001,79.489999999999995,urban,yes,1.0600000000000001,5,0,0,
D0242,72.790000000000006,53.009999999999998,urban,yes,1.29,5,2,0,
D0243,93.590000000000003,20.960000000000001,hill,no,,6,0,0,
D0244,72.969999999999999,70.659999999999997,urban,yes,1.22,7,2,0,
D0245,37.159999999999997,52.390000000000001,urban,yes,1.1399999999999999,8,0,0,
D0246,71.099999999999994,78.879999999999995,urban,yes,1.21,8,0,0,
D0247,83.019999999999996,95.540000000000006,hill,no,,3,0,0,
D0248,51.57,4.1600000000000001,mountain,no,,4,0,0,
D0249,36.799999999999997,56.899999999999999,urban,yes,1.24,7,0,0,
D0250,98.010000000000005,18.34,hill,yes,1.4199999999999999,3,0,0,
D0251,32.560000000000002,47.719999999999999,urban,yes,1.29,5,1,0,
D0252,21.18,45.979999999999997,urban,yes,1.3200000000000001,7,1,0,
D0253,61.880000000000003,34.979999999999997,urban,yes,1.1499999999999999,7,0,0,
D0254,42.590000000000003,47.020000000000003,urban,yes,1.28,8,0,0,
D0255,93.379999999999995,69.409999999999997,urban,yes,1.3100000000000001,6,0,0,
D0256,10.27,38.479999999999997,mountain,yes,2.2400000000000002,7,0,0,
D0257,30.059999999999999,49.789999999999999,urban,yes,1.24,7,1,0,
D0258,36.969999999999999,56.640000000000001,urban,yes,1.3200000000000001,8,0,0,
D0259,21.66,87.579999999999998,hill,no,,5,0,0,
D0260,17.239999999999998,32.020000000000003,lake,no,,6,1,0,
D0261,36.960000000000001,16.460000000000001,hill,yes,1.51,6,0,0,
D0262,51.700000000000003,57.990000000000002,urban,yes,1.1299999999999999,6,0,0,
D0263,81.489999999999995,80.620000000000005,urban,yes,1.3100000000000001,9,0,0,
D0264,45.590000000000003,70.700000000000003,urban,yes,1.1200000000000001,8,0,0,
D0265,91.269999999999996,64.219999999999999,urban,yes,1.2,4,2,0,
D0266,51.049999999999997,43.049999999999997,urban,yes,1.29,8,2,0,
D0267,57.450000000000003,23.670000000000002,urban,yes,1.3400000000000001,10,0,0,
D0268,72.569999999999993,77.739999999999995,urban,yes,1.1399999999999999,6,0,0,
D0269,95.829999999999998,73.299999999999997,urban,yes,1.05,4,0,0,
D0270,61.049999999999997,36.710000000000001,urban,yes,1.1499999999999999,6,1,0,
D0271,23.43,26.420000000000002,hill,yes,1.3700000000000001,4,0,0,
D0272,55.810000000000002,21.02,urban,yes,1.1899999999999999,7,0,0,
D0273,60.409999999999997,48.149999999999999,urban,yes,1.0800000000000001,7,1,0,
D0274,52.810000000000002,73.180000000000007,urban,yes,1.1200000000000001,9,0,0,
D0275,64.719999999999999,59.729999999999997,urban,yes,1.1299999999999999,5,1,0,
D0276,60.659999999999997,47.170000000000002,urban,yes,1.3200000000000001,3,0,0,
D0277,65.920000000000002,47.25,urban,yes,1.1000000000000001,7,0,0,
D0278,37.270000000000003,54.869999999999997,urban,yes,1.1499999999999999,7,0,0,
D0279,50.640000000000001,93.739999999999995,urban,yes,1.3500000000000001,3,2,0,
D0280,90.150000000000006,22,mountain,no,,5,0,0,
D0281,53.030000000000001,83.129999999999995,lake,yes,1.6499999999999999,5,0,0,
D0282,90.439999999999998,44.07,hill,yes,1.3200000000000001,4,1,0,
D0283,52.740000000000002,45.229999999999997,urban,yes,1.3300000000000001,7,0,0,
D0284,95.030000000000001,72.329999999999998,urban,yes,1.05,10,0,0,
D0285,11.26,52.630000000000003,mountain,no,,5,0,0,
D0286,28.420000000000002,75.680000000000007,hill,yes,1.3700000000000001,9,0,0,
D0287,19.440000000000001,48.439999999999998,urban,yes,1.0800000000000001,3,0,0,
D0288,90.590000000000003,36.789999999999999,hill,yes,1.28,8,1,0,
D0289,13.01,81.299999999999997,lake,no,,5,0,0,
D0290,50.659999999999997,43.530000000000001,urban,yes,1.0800000000000001,4,0,0,
D0291,71.129999999999995,75.219999999999999,urban,yes,1.28,4,0,0,
D0292,13.390000000000001,53.090000000000003,mountain,no,,3,0,0,
D0293,49.579999999999998,49.18,urban,yes,1.23,4,1,0,
D0294,24.460000000000001,48.350000000000001,urban,yes,1.23,12,1,0,
D0295,74.209999999999994,50.259999999999998,urban,yes,1.29,9,1,0,
D0296,96.870000000000005,72.890000000000001,urban,yes,1.0600000000000001,6,1,0,
D0297,44.140000000000001,64.400000000000006,urban,yes,1.0700000000000001,14,0,0,
D0298,80.5,93.469999999999999,hill,yes,1.48,2,0,0,
D0299,23.949999999999999,37.020000000000003,urban,yes,1.1699999999999999,7,0,0,
D0300,32.109999999999999,12.77,hill,no,,5,0,0,
D0301,2.7200000000000002,93.569999999999993,lake,yes,1.73,7,0,0,
D0302,95.760000000000005,61.310000000000002,urban,yes,1.3100000000000001,9,1,0,
D0303,82.879999999999995,85.560000000000002,lake,yes,1.6100000000000001,5,0,0,
D0304,36.479999999999997,36.710000000000001,urban,yes,1.1299999999999999,5,0,0,
D0305,45.210000000000001,91.959999999999994,urban,yes,1.3400000000000001,4,0,0,
D0306,21.5,86.5,hill,no,,6,0,0,
D0307,15.06,71.700000000000003,hill,yes,1.4199999999999999,6,0,0,
D0308,90.049999999999997,85.219999999999999,hill,no,,8,0,0,
D0309,57.259999999999998,34,urban,yes,1.3,4,1,0,
D0310,46.039999999999999,90.359999999999999,urban,yes,1.1100000000000001,9,0,0,
D0311,35.740000000000002,10.15,urban,no,,10,0,0,
D0312,47.549999999999997,69.090000000000003,urban,yes,1.3300000000000001,9,0,0,
D0313,73.670000000000002,70.260000000000005,urban,yes,1.2,4,0,0,
D0314,52.75,34.560000000000002,urban,yes,1.2,5,0,0,
D0315,53.170000000000002,75.120000000000005,urban,yes,1.2,7,1,0,
D0316,76.400000000000006,50.350000000000001,urban,yes,1.1799999999999999,7,0,0,
D0317,82.590000000000003,95.849999999999994,hill,no,,5,0,0,
D0318,48.460000000000001,1.05,urban,yes,1.3300000000000001,4,0,0,
D0319,97.280000000000001,60.719999999999999,urban,yes,1.3300000000000001,5,1,0,
D0320,71.519999999999996,71.409999999999997,urban,yes,1.3100000000000001,7,1,0,
D0321,97.299999999999997,85.340000000000003,hill,no,,6,0,0,
D0322,52.32,37.490000000000002,urban,yes,1.1100000000000001,7,0,0,
D0323,56.880000000000003,42.840000000000003,urban,yes,1.1399999999999999,7,0,0,
D0324,9.2599999999999998,39.740000000000002,lake,yes,1.8100000000000001,2,0,0,
D0325,74.819999999999993,75.099999999999994,urban,yes,1.1299999999999999,7,0,0,
D0326,79.700000000000003,81.319999999999993,urban,yes,1.0800000000000001,12,0,0,
D0327,49.670000000000002,42.159999999999997,urban,yes,1.3,10,0,0,
D0328,19.760000000000002,1.3999999999999999,mountain,yes,1.7,2,0,0,
D0329,74.989999999999995,79.700000000000003,lake,yes,1.6699999999999999,4,0,0,
D0330,87.819999999999993,69.709999999999994,hill,yes,1.6599999999999999,9,1,0,
D0331,46.990000000000002,25.18,urban,yes,1.1599999999999999,9,2,0,
D0332,22.52,47.5,urban,yes,1.1499999999999999,5,1,0,
D0333,92.549999999999997,51.909999999999997,hill,yes,1.53,4,1,0,
D0334,82.120000000000005,74.230000000000004,urban,yes,1.3300000000000001,6,0,0,
D0335,52.509999999999998,28.460000000000001,urban,yes,1.3300000000000001,4,0,0,
D0336,97.290000000000006,24.41,hill,yes,1.3200000000000001,10,0,0,
D0337,17.420000000000002,50.979999999999997,mountain,no,,6,0,0,
D0338,62.829999999999998,53.969999999999999,urban,yes,1.23,9,0,0,
D0339,54.460000000000001,58.979999999999997,urban,yes,1.27,3,1,0,
D0340,58,71.969999999999999,urban,yes,1.3,5,1,0,
D0341,44.219999999999999,80,urban,yes,1.1200000000000001,4,1,0,
D0342,38.060000000000002,11.24,urban,yes,1.24,7,0,0,
D0343,43.890000000000001,11.75,urban,yes,1.0700000000000001,4,0,0,
D0344,8.7200000000000006,78.870000000000005,hill,yes,1.72,8,0,0,
D0345,72.359999999999999,55.539999999999999,urban,yes,1.3,6,1,0,
D0346,7.3700000000000001,72.909999999999997,mountain,yes,1.97,4,0,0,
D0347,51.259999999999998,58.039999999999999,urban,yes,1.1399999999999999,4,1,0,
D0348,39.719999999999999,5.3399999999999999,urban,yes,1.3200000000000001,11,0,0,
D0349,54.229999999999997,20.780000000000001,urban,yes,1.1100000000000001,10,0,0,
D0350,73.370000000000005,56.859999999999999,urban,yes,1.1499999999999999,7,2,0,
D0351,48.399999999999999,97.730000000000004,urban,yes,1.24,3,0,0,
D0352,79.950000000000003,44.189999999999998,hill,yes,1.7,7,0,0,
D0353,29.050000000000001,41.729999999999997,urban,yes,1.23,4,0,0,
D0354,34.109999999999999,91.769999999999996,urban,yes,1.0700000000000001,8,0,0,
D0355,91.090000000000003,42.25,hill,yes,1.6399999999999999,6,0,0,
D0356,78.549999999999997,87.349999999999994,lake,no,,4,0,0,
D0357,85.909999999999997,42.100000000000001,hill,yes,1.51,6,2,0,
D0358,24.23,33.119999999999997,hill,yes,1.3200000000000001,7,1,0,
D0359,42.670000000000002,60.5,urban,yes,1.22,10,0,0,
D0360,60.280000000000001,25.670000000000002,urban,yes,1.3200000000000001,6,0,0,
D0361,48.560000000000002,1.5700000000000001,urban,yes,1.1799999999999999,8,0,0,
D0362,87.859999999999999,70.280000000000001,urban,yes,1.22,9,0,0,
D0363,56.109999999999999,26.539999999999999,mountain,yes,1.9299999999999999,5,0,0,
D0364,68.930000000000007,49.57,urban,yes,1.1399999999999999,10,0,0,
D0365,95.609999999999999,25.600000000000001,hill,no,,10,0,0,
D0366,83.450000000000003,90.489999999999995,hill,yes,1.7,4,0,0,
D0367,33.850000000000001,7,urban,yes,1.26,4,0,0,
D0368,17.890000000000001,65.870000000000005,hill,no,,2,0,0,
D0369,73.230000000000004,79.549999999999997,urban,yes,1.23,9,0,0,
D0370,47.340000000000003,93.670000000000002,urban,yes,1.29,7,1,0,
D0371,54.659999999999997,30.800000000000001,urban,yes,1.0900000000000001,9,0,0,
D0372,27.100000000000001,8.3200000000000003,hill,yes,1.49,5,0,0,
D0373,55.75,34.729999999999997,urban,yes,1.3200000000000001,10,0,0,
D0374,44.880000000000003,48.100000000000001,urban,yes,1.21,5,0,0,
D0375,48.469999999999999,28.989999999999998,urban,yes,1.25,5,0,0,
D0376,73.730000000000004,75.390000000000001,urban,yes,1.1799999999999999,3,0,0,
D0377,33.390000000000001,97.200000000000003,urban,yes,1.1200000000000001,9,0,0,
D0378,27.77,36.729999999999997,lake,yes,1.6499999999999999,4,1,0,
D0379,71.299999999999997,79.489999999999995,urban,yes,1.21,5,0,0,
D0380,68.579999999999998,48.600000000000001,urban,yes,1.1599999999999999,12,0,0,
D0381,82.420000000000002,63.689999999999998,hill,yes,1.5,4,0,0,
D0382,46.979999999999997,0.60999999999999999,urban,yes,1.1299999999999999,7,0,0,
D0383,77.950000000000003,81.120000000000005,lake,no,,2,0,0,
D0384,26.16,40.600000000000001,urban,yes,1.1599999999999999,5,0,0,
D0385,64.969999999999999,35.460000000000001,urban,yes,1.1399999999999999,11,1,0,
D0386,77.579999999999998,69.219999999999999,urban,yes,1.05,12,0,0,
D0387,46.5,2.2599999999999998,urban,yes,1.1299999999999999,3,0,0,
D0388,60.409999999999997,23.760000000000002,mountain,yes,1.8300000000000001,9,0,0,
D0389,92.659999999999997,54.829999999999998,hill,no,,8,0,0,
D0390,79.730000000000004,14.01,mountain,yes,1.72,3,0,0,
D0391,40.030000000000001,60.039999999999999,urban,no,,6,0,0,
D0392,99.370000000000005,87.780000000000001,hill,no,,7,0,0,
D0393,21.190000000000001,99.129999999999995,lake,yes,1.51,5,0,0,
D0394,51.390000000000001,27.469999999999999,urban,yes,1.23,11,1,0,
D0395,2.5600000000000001,30.359999999999999,lake,yes,1.6000000000000001,3,1,0,
D0396,45.700000000000003,6.4400000000000004,urban,yes,1.1100000000000001,6,0,0,
D0397,39.979999999999997,61.560000000000002,urban,yes,1.0700000000000001,5,0,0,
D0398,91.810000000000002,35.969999999999999,hill,yes,1.28,4,0,0,
D0399,49.609999999999999,6.8499999999999996,urban,yes,1.0800000000000001,8,0,0,
D0400,95.939999999999998,73.819999999999993,urban,yes,1.0700000000000001,4,0,0,
D0401,92.359999999999999,19.129999999999999,hill,yes,1.3899999999999999,4,0,0,
D0402,87.769999999999996,17.059999999999999,hill,yes,1.73,3,0,0,
D0403,43.579999999999998,17.210000000000001,urban,yes,1.1499999999999999,3,0,0,
D0404,53.359999999999999,86.599999999999994,lake,yes,1.8999999999999999,5,0,0,
D0405,73.829999999999998,54.109999999999999,urban,yes,1.1499999999999999,12,0,0,
D0406,70.689999999999998,50.259999999999998,urban,yes,1.22,8,0,0,
D0407,53.969999999999999,30.399999999999999,urban,yes,1.0800000000000001,14,0,0,
D0408,75.540000000000006,49.649999999999999,urban,yes,1.1799999999999999,6,0,0,
D0409,53.890000000000001,22.460000000000001,urban,yes,1.0600000000000001,12,0,0,
D0410,0.94999999999999996,96.700000000000003,lake,no,,3,0,0,
D0411,29.379999999999999,44.170000000000002,urban,yes,1.29,4,0,0,
D0412,84.180000000000007,72.049999999999997,urban,yes,1.29,7,1,0,
D0413,78.510000000000005,80.359999999999999,urban,no,,7,0,0,
D0414,99.450000000000003,94.920000000000002,hill,yes,1.3600000000000001,6,1,0,
D0415,92.530000000000001,83.980000000000004,hill,yes,1.6000000000000001,8,1,0,
D0416,40.07,51.079999999999998,urban,yes,1.3300000000000001,5,0,0,
D0417,90.799999999999997,64.480000000000004,hill,yes,1.54,4,0,0,
D0418,32.729999999999997,11.460000000000001,hill,yes,1.6000000000000001,4,0,0,
D0419,26.93,36.020000000000003,urban,yes,1.22,5,0,0,
D0420,46.479999999999997,10.81,urban,yes,1.2,7,0,0,
D0421,44.049999999999997,92.549999999999997,urban,yes,1.1899999999999999,5,0,0,
D0422,66.299999999999997,38.880000000000003,urban,yes,1.1100000000000001,9,2,0,
D0423,51.659999999999997,35.710000000000001,urban,yes,1.22,3,1,0,
D0424,86.129999999999995,30.210000000000001,hill,no,,7,0,0,
D0425,88.409999999999997,53.229999999999997,hill,yes,1.3899999999999999,3,0,0,
D0426,55.43,21.25,urban,yes,1.21,9,0,0,
D0427,35.43,47.640000000000001,urban,yes,1.3,6,2,0,
D0428,50.630000000000003,33.630000000000003,urban,yes,1.26,12,0,0,
D0429,39.380000000000003,16.710000000000001,urban,yes,1.1499999999999999,5,0,0,
D0430,67.870000000000005,43.950000000000003,urban,yes,1.1100000000000001,7,0,0,
D0431,82.420000000000002,68.560000000000002,hill,no,,6,1,0,
D0432,97.530000000000001,91.959999999999994,hill,no,,5,0,0,
D0433,63.950000000000003,51.649999999999999,urban,yes,1.21,7,1,0,
D0434,76.109999999999999,75.120000000000005,lake,no,,7,0,0,
D0435,39.890000000000001,99.370000000000005,urban,yes,1.25,7,1,0,
D0436,11.550000000000001,2.4900000000000002,mountain,no,,1,0,0,
D0437,21.690000000000001,20.100000000000001,hill,yes,1.3100000000000001,4,0,0,
D0438,71.890000000000001,59.969999999999999,urban,yes,1.28,10,0,0,
D0439,70.299999999999997,76.620000000000005,urban,yes,1.05,9,0,0,
D0440,70.150000000000006,91.969999999999999,lake,yes,1.6899999999999999,8,1,0,
D0441,45.789999999999999,25.399999999999999,urban,yes,1.28,10,0,0,
D0442,48.289999999999999,54.700000000000003,urban,yes,1.1200000000000001,6,0,0,
D0443,39.420000000000002,5.25,urban,yes,1.1799999999999999,2,0,0,
D0444,32.380000000000003,71.459999999999994,hill,no,,10,0,0,
D0445,31.109999999999999,45.659999999999997,urban,yes,1.3100000000000001,4,0,0,
D0446,78.180000000000007,38.920000000000002,hill,yes,1.49,4,0,0,
D0447,30.93,59.890000000000001,hill,yes,1.6799999999999999,6,0,0,
D0448,33.329999999999998,7.8799999999999999,hill,yes,1.51,7,0,0,
D0449,38.850000000000001,5.54,urban,yes,1.22,4,0,0,
D0450,75.400000000000006,83.569999999999993,urban,yes,1.21,8,0,0,
D0451,22.989999999999998,51.869999999999997,urban,yes,1.23,9,2,0,
D0452,26.850000000000001,59.149999999999999,mountain,no,,5,0,0,
D0453,47.950000000000003,9.2599999999999998,urban,yes,1.1799999999999999,6,0,0,
D0454,72.709999999999994,89.260000000000005,lake,yes,1.8500000000000001,3,1,0,
D0455,50.630000000000003,41.939999999999998,urban,yes,1.1699999999999999,3,1,0,
D0456,21.5,16.210000000000001,hill,yes,1.54,4,1,0,
D0457,17.800000000000001,35.450000000000003,lake,yes,1.96,7,2,0,
D0458,46.990000000000002,29.609999999999999,urban,yes,1.0800000000000001,7,1,0,
D0459,76.540000000000006,81.870000000000005,urban,yes,1.22,5,0,0,
D0460,46.439999999999998,17.199999999999999,hill,yes,1.5900000000000001,3,0,0,
D0461,17.789999999999999,38.740000000000002,lake,no,,7,0,0,
D0462,45.159999999999997,14.449999999999999,urban,yes,1.22,7,0,0,
D0463,72.920000000000002,54.619999999999997,urban,yes,1.0600000000000001,8,1,0,
D0464,48.340000000000003,92.090000000000003,urban,yes,1.22,7,1,0,
D0465,20.079999999999998,49.729999999999997,urban,yes,1.1000000000000001,6,0,0,
D0466,15.18,32.579999999999998,lake,no,,5,0,0,
D0467,51.060000000000002,55.789999999999999,urban,yes,1.0600000000000001,8,1,0,
D0468,15.369999999999999,49.909999999999997,urban,no,,5,0,0,
D0469,18.489999999999998,46.600000000000001,urban,yes,1.0900000000000001,8,0,0,
D0470,54.109999999999999,0.56000000000000005,urban,yes,1.3300000000000001,7,0,0,
D0471,59.93,27.510000000000002,mountain,no,,5,0,0,
D0472,14.42,91,lake,no,,4,0,0,
D0473,83.489999999999995,87.540000000000006,lake,yes,1.5700000000000001,5,1,0,
D0474,93.989999999999995,75.209999999999994,urban,yes,1.26,4,0,0,
D0475,77.290000000000006,96.930000000000007,lake,yes,1.55,6,1,0,
D0476,53.030000000000001,72.280000000000001,urban,yes,1.0600000000000001,6,0,0,
D0477,16.629999999999999,15.779999999999999,hill,yes,1.5,8,0,0,
D0478,49.590000000000003,29.41,urban,yes,1.1100000000000001,8,1,0,
D0479,39.079999999999998,52.189999999999998,urban,yes,1.25,11,0,0,
D0480,47.659999999999997,37.789999999999999,urban,yes,1.0800000000000001,6,0,0,
D0481,17,89.769999999999996,lake,yes,1.45,3,0,0,
D0482,52.399999999999999,5.1900000000000004,urban,yes,1.1100000000000001,6,1,0,
D0483,69.650000000000006,74.640000000000001,urban,yes,1.1000000000000001,7,1,0,
D0484,53.829999999999998,72.879999999999995,urban,yes,1.0600000000000001,9,0,0,
D0485,55.049999999999997,13.52,urban,yes,1.1699999999999999,9,0,0,
D0486,26.32,81.579999999999998,hill,yes,1.3500000000000001,8,0,0,
D0487,78.459999999999994,73.129999999999995,urban,yes,1.1000000000000001,6,1,0,
D0488,89.219999999999999,43.189999999999998,hill,yes,1.5600000000000001,5,0,0,
D0489,36.119999999999997,98.280000000000001,urban,yes,1.1699999999999999,11,0,0,
D0490,46.869999999999997,7.0800000000000001,urban,yes,1.22,6,0,0,
D0491,48.979999999999997,85.549999999999997,lake,no,,6,0,0,
D0492,70.099999999999994,75.680000000000007,urban,yes,1.1000000000000001,9,1,0,
D0493,47.340000000000003,46.780000000000001,urban,yes,1.1599999999999999,5,0,0,
D0494,1.9099999999999999,46.060000000000002,lake,no,,9,0,0,
D0495,80.620000000000005,96.010000000000005,hill,yes,1.5900000000000001,7,0,0,
D0496,80.640000000000001,45.689999999999998,hill,yes,1.3100000000000001,6,0,0,
D0497,91.5,67.359999999999999,urban,yes,1.1399999999999999,4,0,0,
D0498,36.039999999999999,55.960000000000001,urban,yes,1.1699999999999999,7,0,0,
D0499,72.049999999999997,60.259999999999998,urban,yes,1.1399999999999999,7,1,0,
D0500,70.959999999999994,15.41,mountain,no,,6,0,0,
D0501,58.579999999999998,45.649999999999999,urban,yes,1.1299999999999999,5,0,0,
D0502,11.82,67.969999999999999,hill,yes,1.4199999999999999,4,1,0,
D0503,63.420000000000002,45.619999999999997,urban,yes,1.1599999999999999,9,0,0,
D0504,94.719999999999999,56.289999999999999,hill,no,,10,0,0,
D0505,50.82,55.539999999999999,urban,yes,1.0800000000000001,6,0,0,
D0506,14.15,51.93,lake,yes,2.0299999999999998,4,0,0,
D0507,17.600000000000001,99.060000000000002,lake,yes,2.0600000000000001,2,1,0,
D0508,8.6300000000000008,73.689999999999998,mountain,no,,7,0,0,
D0509,71.650000000000006,76.170000000000002,urban,yes,1.0600000000000001,6,0,0,
D0510,83.879999999999995,96.579999999999998,hill,yes,1.3100000000000001,4,0,0,
D0511,51.770000000000003,48.640000000000001,urban,yes,1.2,3,1,0,
D0512,90.260000000000005,26.84,hill,no,,5,0,0,
D0513,46.25,24.460000000000001,urban,yes,1.1699999999999999,11,0,0,
D0514,57.700000000000003,74.040000000000006,urban,yes,1.1599999999999999,5,0,0,
D0515,66.069999999999993,47.539999999999999,urban,yes,1.1299999999999999,8,0,0,
D0516,22.420000000000002,18.18,hill,yes,1.6399999999999999,4,0,0,
D0517,62.299999999999997,50.25,urban,yes,1.1100000000000001,9,0,0,
D0518,90.290000000000006,66.230000000000004,urban,yes,1.21,4,1,0,
D0519,47.310000000000002,54.979999999999997,urban,yes,1.05,2,1,0,
D0520,25.399999999999999,79.099999999999994,hill,no,,6,1,0,
D0521,74.760000000000005,82.049999999999997,urban,yes,1.1499999999999999,10,1,0,
D0522,64.569999999999993,55.380000000000003,urban,yes,1.3500000000000001,7,1,0,
D0523,49.229999999999997,1.2,urban,yes,1.1499999999999999,7,1,0,
D0524,44.799999999999997,74.620000000000005,urban,yes,1.29,8,0,0,
D0525,34.32,93.400000000000006,urban,yes,1.1399999999999999,6,2,0,
D0526,45.369999999999997,5.9299999999999997,urban,yes,1.23,9,0,0,
D0527,69.510000000000005,9.1400000000000006,mountain,no,,2,0,0,
D0528,75.489999999999995,48.399999999999999,urban,yes,1.1200000000000001,8,0,0,
D0529,45.520000000000003,50.600000000000001,urban,yes,1.3400000000000001,9,0,0,
D0530,43.869999999999997,11.050000000000001,urban,yes,1.26,6,0,0,
D0531,98.590000000000003,74.239999999999995,urban,yes,1.25,9,0,0,
D0532,83.209999999999994,91.280000000000001,hill,yes,1.6599999999999999,4,0,0,
D0533,47.520000000000003,32.530000000000001,urban,yes,1.1299999999999999,2,0,0,
D0534,70.599999999999994,54.329999999999998,urban,yes,1.3400000000000001,9,0,0,
D0535,53.689999999999998,66.150000000000006,urban,yes,1.3300000000000001,5,0,0,
D0536,75.150000000000006,78.319999999999993,urban,yes,1.3400000000000001,10,0,0,
D0537,35.590000000000003,57.5,urban,yes,1.1000000000000001,5,0,0,
D0538,3.6099999999999999,91.280000000000001,lake,no,,7,0,0,
D0539,41.840000000000003,58.670000000000002,urban,yes,1.27,4,1,0,
D0540,50.450000000000003,92.030000000000001,urban,yes,1.25,8,1,0,
D0541,21.300000000000001,42.859999999999999,urban,yes,1.1399999999999999,8,0,0,
D0542,12.58,24.640000000000001,mountain,no,,7,0,0,
D0543,21.07,35.229999999999997,lake,no,,3,0,0,
D0544,76.299999999999997,56.130000000000003,urban,yes,1.0800000000000001,5,0,0,
D0545,89.310000000000002,86.530000000000001,hill,yes,1.3200000000000001,6,0,0,
D0546,44.390000000000001,24.260000000000002,urban,yes,1.1799999999999999,4,2,0,
D0547,23.52,82.459999999999994,hill,no,,8,0,0,
D0548,75.549999999999997,57.920000000000002,hill,yes,1.5,2,1,0,
D0549,35,78.510000000000005,hill,yes,1.5800000000000001,8,1,0,
D0550,73.579999999999998,54.520000000000003,hill,yes,1.3400000000000001,8,2,0,
D0551,91.519999999999996,34.890000000000001,hill,yes,1.53,10,0,0,
D0552,71.230000000000004,69.670000000000002,urban,yes,1.0900000000000001,5,0,0,
D0553,47.450000000000003,5.8600000000000003,urban,yes,1.0800000000000001,9,0,0,
D0554,74.780000000000001,75.730000000000004,urban,yes,1.0700000000000001,6,0,0,
D0555,39.07,98.260000000000005,urban,yes,1.0800000000000001,7,1,0,
D0556,46.890000000000001,78.299999999999997,urban,yes,1.0600000000000001,3,0,0,
D0557,74.909999999999997,56.880000000000003,urban,yes,1.0700000000000001,4,0,0,
D0558,38.979999999999997,89.659999999999997,urban,yes,1.1200000000000001,12,0,0,
D0559,41,9.75,urban,yes,1.1799999999999999,7,1,0,
D0560,27.120000000000001,56.640000000000001,hill,yes,1.48,3,0,0,
D0561,44.170000000000002,60.880000000000003,urban,yes,1.1100000000000001,3,0,0,
D0562,34.479999999999997,73.370000000000005,hill,no,,10,0,0,
D0563,10.289999999999999,36.880000000000003,mountain,yes,1.8899999999999999,4,0,0,
D0564,91.560000000000002,87.829999999999998,hill,no,,6,0,0,
D0565,99.090000000000003,24.780000000000001,hill,yes,1.3200000000000001,6,1,0,
D0566,29.780000000000001,50.359999999999999,urban,yes,1.3300000000000001,10,0,0,
D0567,98.760000000000005,77.230000000000004,urban,yes,1.3,7,0,0,
D0568,98.670000000000002,80.099999999999994,hill,yes,1.71,7,0,0,
D0569,47.770000000000003,57.960000000000001,urban,yes,1.3,6,0,0,
D0570,93.340000000000003,66.510000000000005,urban,yes,1.0900000000000001,5,1,0,
D0571,17.260000000000002,40,lake,yes,1.75,4,1,0,
D0572,31.289999999999999,67.260000000000005,hill,yes,1.6799999999999999,7,1,0,
D0573,80.5,75.209999999999994,urban,yes,1.3,10,0,0,
D0574,74.930000000000007,74.760000000000005,urban,yes,1.1100000000000001,9,0,0,
D0575,51.700000000000003,84.689999999999998,lake,yes,1.72,7,0,0,
D0576,45.539999999999999,89.959999999999994,urban,yes,1.3300000000000001,10,0,0,
D0577,26.859999999999999,32.619999999999997,hill,yes,1.27,8,0,0,
D0578,83.450000000000003,99.439999999999998,hill,yes,1.6299999999999999,4,0,0,
D0579,44.719999999999999,7.5499999999999998,urban,yes,1.1699999999999999,9,0,0,
D0580,78.079999999999998,44.75,urban,yes,1.24,8,1,0,
D0581,36.509999999999998,3.1400000000000001,urban,yes,1.25,10,0,0,
D0582,35.030000000000001,2.8399999999999999,urban,yes,1.28,5,0,0,
D0583,48.090000000000003,94.939999999999998,urban,yes,1.0600000000000001,7,0,0,
D0584,26.449999999999999,53.829999999999998,urban,yes,1.27,6,0,0,
D0585,11.779999999999999,68.280000000000001,hill,yes,1.3500000000000001,3,2,0,
D0586,46.170000000000002,31.609999999999999,urban,yes,1.3,7,0,0,
D0587,1.98,30.300000000000001,lake,yes,1.54,6,0,0,
D0588,42.829999999999998,63.829999999999998,urban,yes,1.26,5,0,0,
D0589,36.219999999999999,22.920000000000002,hill,yes,1.6799999999999999,5,1,0,
D0590,23.969999999999999,64.090000000000003,hill,yes,1.5800000000000001,7,1,0,
D0591,66.379999999999995,63.670000000000002,urban,yes,1.3,7,1,0,
D0592,52.109999999999999,52.68,urban,yes,1.0600000000000001,10,0,0,
D0593,93.989999999999995,46.609999999999999,hill,no,,5,0,0,
D0594,86.890000000000001,95.040000000000006,hill,no,,5,0,0,
D0595,94.310000000000002,35.439999999999998,hill,yes,1.51,4,0,0,
D0596,47.340000000000003,9.2300000000000004,urban,yes,1.0800000000000001,9,1,0,
D0597,33.560000000000002,55.119999999999997,urban,yes,1.3200000000000001,11,0,0,
D0598,49.950000000000003,90.260000000000005,lake,no,,6,0,0,
D0599,37.670000000000002,21.050000000000001,hill,yes,1.3700000000000001,7,0,0,
D0600,91.680000000000007,59.310000000000002,hill,yes,1.5800000000000001,4,0,0,
D0601,67.519999999999996,43.57,urban,yes,1.0900000000000001,5,0,0,
D0602,99.409999999999997,66.189999999999998,urban,yes,1.1000000000000001,8,0,0,
D0603,32.740000000000002,52.200000000000003,urban,yes,1.1799999999999999,7,0,0,
D0604,38.240000000000002,90.829999999999998,urban,yes,1.26,7,0,0,
D0605,42.200000000000003,50.840000000000003,urban,yes,1.0700000000000001,7,0,0,
D0606,86.280000000000001,96.340000000000003,hill,no,,7,1,0,
D0607,59.590000000000003,38.030000000000001,urban,yes,1.1000000000000001,8,0,0,
D0608,38,50.399999999999999,urban,yes,1.22,12,0,0,
D0609,75.579999999999998,15.720000000000001,mountain,no,,4,0,0,
D0610,60.579999999999998,32.149999999999999,urban,yes,1.24,3,0,0,
D0611,47.32,72.25,urban,yes,1.27,9,0,0,
D0612,79.489999999999995,26.289999999999999,hill,yes,1.3999999999999999,6,0,0,
D0613,38.369999999999997,26.890000000000001,hill,yes,1.5700000000000001,7,0,0,
D0614,69.780000000000001,49.68,urban,yes,1.24,6,1,0,
D0615,46.950000000000003,68.629999999999995,urban,yes,1.1299999999999999,6,1,0,
D0616,47.109999999999999,4.6500000000000004,urban,yes,1.3200000000000001,9,1,0,
D0617,42.390000000000001,14.16,hill,yes,1.45,7,1,0,
D0618,38.340000000000003,61.909999999999997,urban,yes,1.0900000000000001,10,0,0,
D0619,90.409999999999997,25.52,hill,yes,1.3899999999999999,4,2,0,
D0620,37.380000000000003,50.240000000000002,urban,yes,1.25,7,0,0,
D0621,35.759999999999998,95,urban,yes,1.1799999999999999,4,0,0,
D0622,75.549999999999997,80.430000000000007,urban,yes,1.3500000000000001,6,2,0,
D0623,21.870000000000001,43.579999999999998,urban,yes,1.1200000000000001,9,0,0,
D0624,43.140000000000001,11.98,urban,yes,1.1899999999999999,12,1,0,
D0625,45.240000000000002,94.709999999999994,urban,yes,1.1899999999999999,5,1,0,
D0626,43.469999999999999,85.890000000000001,urban,yes,1.26,6,0,0,
D0627,37.259999999999998,2.71,urban,yes,1.26,4,1,0,
D0628,61.560000000000002,46.399999999999999,urban,yes,1.24,7,0,0,
D0629,35.829999999999998,60.579999999999998,urban,yes,1.23,9,0,0,
D0630,40.240000000000002,86.969999999999999,urban,yes,1.24,8,1,0,
D0631,56.420000000000002,24.129999999999999,urban,yes,1.25,8,0,0,
D0632,49.659999999999997,17.530000000000001,urban,yes,1.1000000000000001,7,0,0,
D0633,49.82,41.280000000000001,urban,yes,1.2,4,0,0,
D0634,42.579999999999998,70.299999999999997,urban,yes,1.27,6,0,0,
D0635,82.890000000000001,97.469999999999999,hill,yes,1.26,3,1,0,
D0636,74.640000000000001,51.420000000000002,urban,yes,1.3300000000000001,5,0,0,
D0637,37.109999999999999,9.7899999999999991,urban,yes,1.25,2,0,0,
D0638,65.609999999999999,37.200000000000003,urban,yes,1.1399999999999999,10,0,0,
D0639,49.659999999999997,18.84,urban,yes,1.2,7,0,0,
D0640,20.989999999999998,41.270000000000003,lake,no,,5,0,0,
D0641,0.57999999999999996,38.079999999999998,lake,no,,9,0,0,
D0642,20.780000000000001,56.189999999999998,mountain,no,,2,0,0,
D0643,66.609999999999999,70.739999999999995,lake,yes,2.04,10,0,0,
D0644,68.569999999999993,13.289999999999999,mountain,no,,6,0,0,
D0645,50.549999999999997,40.75,urban,yes,1.1000000000000001,3,1,0,
D0646,26.870000000000001,33.090000000000003,hill,yes,1.4299999999999999,9,0,0,
D0647,48.189999999999998,82.170000000000002,urban,yes,1.0600000000000001,10,0,0,
D0648,41.030000000000001,7.75,urban,yes,1.28,5,1,0,
D0649,54.880000000000003,48.009999999999998,urban,yes,1.27,8,1,0,
D0650,97.950000000000003,87.170000000000002,hill,no,,9,1,0,
D0651,2.7799999999999998,82.269999999999996,lake,yes,1.54,4,0,0,
D0652,84.469999999999999,50.409999999999997,hill,yes,1.29,4,0,0,
D0653,40.789999999999999,62.25,urban,yes,1.29,5,0,0,
D0654,11.82,41.850000000000001,lake,no,,4,0,0,
D0655,72.260000000000005,56.43,urban,yes,1.0600000000000001,7,2,0,
D0656,42.509999999999998,88.599999999999994,urban,yes,1.1799999999999999,5,0,0,
D0657,54.869999999999997,15.94,urban,yes,1.22,7,0,0,
D0658,79.079999999999998,55.369999999999997,hill,yes,1.26,5,0,0,
D0659,46.789999999999999,62.829999999999998,urban,yes,1.3100000000000001,4,1,0,
D0660,77.230000000000004,48.640000000000001,hill,yes,1.45,7,0,0,
D0661,59.93,51.469999999999999,urban,yes,1.1799999999999999,4,0,0,
D0662,19.170000000000002,87.069999999999993,hill,yes,1.3799999999999999,2,1,0,
D0663,80.390000000000001,46.439999999999998,hill,yes,1.6799999999999999,3,0,0,
D0664,54.329999999999998,29.289999999999999,urban,yes,1.3300000000000001,11,1,0,
D0665,93.980000000000004,34.57,hill,yes,1.48,6,0,0,
D0666,45.189999999999998,22.420000000000002,urban,yes,1.05,6,0,0,
D0667,20.870000000000001,2.75,mountain,no,,6,0,0,
D0668,36.840000000000003,48.640000000000001,urban,yes,1.28,8,0,0,
D0669,56.25,18.670000000000002,urban,yes,1.3,14,0,0,
D0670,53.380000000000003,70,urban,yes,1.1899999999999999,4,2,0,
D0671,81.140000000000001,81.799999999999997,hill,yes,1.6799999999999999,2,0,0,
D0672,47.840000000000003,32.380000000000003,mountain,yes,1.6200000000000001,6,0,0,
D0673,21.059999999999999,88.870000000000005,lake,no,,6,0,0,
D0674,95.489999999999995,15.17,hill,yes,1.4299999999999999,4,1,0,
D0675,87.090000000000003,58.539999999999999,hill,no,,8,0,0,
D0676,83.400000000000006,97.290000000000006,lake,yes,1.6000000000000001,4,1,0,
D0677,45.950000000000003,59.240000000000002,urban,yes,1.3100000000000001,5,1,0,
D0678,22.77,61.740000000000002,mountain,yes,1.75,4,0,0,
D0679,50.399999999999999,65.709999999999994,urban,yes,1.22,7,0,0,
D0680,97.280000000000001,73.480000000000004,urban,yes,1.27,12,0,0,
D0681,16.59,13.039999999999999,hill,no,,10,0,0,
D0682,43.780000000000001,51.590000000000003,urban,yes,1.1899999999999999,9,0,0,
D0683,18.23,57.07,mountain,yes,1.6200000000000001,8,0,0,
D0684,89.510000000000005,43.079999999999998,hill,yes,1.73,4,0,0,
D0685,34.43,63.539999999999999,urban,no,,9,1,0,
D0686,52,94.099999999999994,urban,yes,1.1799999999999999,5,0,0,
D0687,57.909999999999997,13.98,mountain,yes,1.7,5,0,0,
D0688,94.25,58.329999999999998,hill,yes,1.71,2,0,0,
D0689,51.600000000000001,68.799999999999997,urban,yes,1.1000000000000001,4,1,0,
D0690,1.22,27.760000000000002,mountain,no,,4,0,0,
D0691,33.740000000000002,40.460000000000001,urban,yes,1.26,9,0,0,
D0692,82.629999999999995,38.229999999999997,hill,yes,1.75,4,0,0,
D0693,48.960000000000001,47.829999999999998,urban,yes,1.0700000000000001,5,0,0,
D0694,62.420000000000002,41.009999999999998,urban,yes,1.23,7,1,0,
D0695,52.719999999999999,35.159999999999997,urban,yes,1.1000000000000001,4,0,0,
D0696,48.289999999999999,21.219999999999999,mountain,yes,2.21,5,1,0,
D0697,74.019999999999996,54.799999999999997,urban,yes,1.0600000000000001,2,0,0,
D0698,35.600000000000001,73.519999999999996,hill,no,,6,1,0,
D0699,42.840000000000003,9.9000000000000004,urban,yes,1.26,9,0,0,
D0700,42.399999999999999,63.859999999999999,urban,yes,1.3200000000000001,4,0,0,
D0701,23.219999999999999,23.010000000000002,mountain,yes,1.8700000000000001,6,1,0,
D0702,30.920000000000002,49.710000000000001,urban,yes,1.26,4,0,0,
D0703,51.039999999999999,69.329999999999998,urban,yes,1.28,5,1,0,
D0704,1.9099999999999999,81.030000000000001,lake,yes,2.1000000000000001,7,0,0,
D0705,43.18,27.120000000000001,urban,yes,1.25,6,0,0,
D0706,85.719999999999999,75.120000000000005,urban,no,,7,0,0,
D0707,81.859999999999999,9.3900000000000006,mountain,no,,2,0,0,
D0708,88.329999999999998,64.760000000000005,urban,yes,1.0800000000000001,9,0,0,
D0709,46.380000000000003,98.5,urban,yes,1.3500000000000001,7,0,0,
D0710,81.799999999999997,70.719999999999999,urban,yes,1.2,4,0,0,
D0711,41.149999999999999,88.959999999999994,urban,yes,1.1699999999999999,6,0,0,
D0712,22.960000000000001,37.490000000000002,urban,yes,1.22,5,1,0,
D0713,97.230000000000004,94.840000000000003,hill,yes,1.6599999999999999,3,0,0,
D0714,42.710000000000001,2.0899999999999999,urban,yes,1.1899999999999999,8,1,0,
D0715,94.969999999999999,97.120000000000005,hill,yes,1.53,6,0,0,
D0716,85.620000000000005,72.790000000000006,urban,yes,1.24,8,1,0,
D0717,41.890000000000001,11.369999999999999,urban,yes,1.3200000000000001,12,0,0,
D0718,24.59,37.740000000000002,urban,yes,1.28,9,2,0,
D0719,47.670000000000002,28.809999999999999,urban,yes,1.3200000000000001,10,0,0,
D0720,60.189999999999998,89.359999999999999,lake,yes,2.0499999999999998,4,0,0,
D0721,39.909999999999997,93.700000000000003,urban,no,,5,0,0,
D0722,45.119999999999997,58.049999999999997,urban,yes,1.21,6,2,0,
D0723,93.890000000000001,21.920000000000002,mountain,no,,6,0,0,
D0724,41.07,62.619999999999997,urban,yes,1.3100000000000001,5,0,0,
D0725,93.349999999999994,68.019999999999996,urban,yes,1.1000000000000001,6,0,0,
D0726,54.869999999999997,33.600000000000001,urban,yes,1.1499999999999999,11,0,0,
D0727,75.5,85.079999999999998,lake,yes,1.8899999999999999,2,2,0,
D0728,43.670000000000002,62.280000000000001,urban,yes,1.1699999999999999,4,0,0,
D0729,32.490000000000002,8.4600000000000009,hill,yes,1.6799999999999999,6,0,0,
D0730,12.279999999999999,73.200000000000003,mountain,no,,3,0,0,
D0731,42.75,12.640000000000001,mountain,yes,2.1200000000000001,4,0,0,
D0732,47.289999999999999,1.7,urban,yes,1.1299999999999999,4,0,0,
D0733,43.149999999999999,89.049999999999997,urban,yes,1.1599999999999999,8,1,0,
D0734,67.140000000000001,57.32,urban,yes,1.1899999999999999,7,0,0,
D0735,76.049999999999997,53.369999999999997,hill,yes,1.73,6,0,0,
D0736,41.850000000000001,13.289999999999999,urban,yes,1.1899999999999999,3,1,0,
D0737,87.870000000000005,29.52,hill,yes,1.3700000000000001,7,1,0,
D0738,98.719999999999999,76.060000000000002,urban,yes,1.1299999999999999,6,1,0,
D0739,95.269999999999996,7.8700000000000001,mountain,no,,3,0,0,
D0740,54.719999999999999,33.189999999999998,urban,yes,1.3300000000000001,11,0,0,
D0741,10.51,44.719999999999999,lake,no,,3,0,0,
D0742,79.590000000000003,17.329999999999998,mountain,yes,1.71,3,0,0,
D0743,94.900000000000006,8.1999999999999993,mountain,no,,1,0,0,
D0744,54.369999999999997,16.940000000000001,urban,yes,1.0800000000000001,6,0,0,
D0745,67.480000000000004,90.450000000000003,lake,yes,1.47,9,0,0,
D0746,93.620000000000005,61.159999999999997,urban,yes,1.23,7,0,0,
D0747,96.950000000000003,80.959999999999994,hill,no,,8,0,0,
D0748,90.980000000000004,70.409999999999997,urban,yes,1.26,7,0,0,
D0749,43.369999999999997,58,urban,yes,1.21,8,0,0,
D0750,60.420000000000002,45.109999999999999,urban,yes,1.1299999999999999,7,0,0,
D0751,48.609999999999999,19.309999999999999,urban,yes,1.1100000000000001,7,0,0,
D0752,44.700000000000003,63.43,urban,yes,1.1599999999999999,4,1,0,
D0753,48.439999999999998,69.530000000000001,urban,yes,1.1899999999999999,11,1,0,
D0754,51.75,54.149999999999999,urban,yes,1.26,4,0,0,
D0755,75.709999999999994,25.760000000000002,mountain,yes,2.04,6,0,0,
D0756,69.659999999999997,53.840000000000003,hill,yes,1.53,6,0,0,
D0757,29.100000000000001,27.25,hill,yes,1.72,6,1,0,
D0758,61.670000000000002,47.939999999999998,urban,yes,1.28,3,0,0,
D0759,30.620000000000001,65.299999999999997,hill,yes,1.27,2,0,0,
D0760,27.57,53.310000000000002,urban,yes,1.3100000000000001,7,0,0,
D0761,95.650000000000006,98.150000000000006,hill,yes,1.3899999999999999,2,0,0,
D0762,9.4800000000000004,44.990000000000002,mountain,no,,8,0,0,
D0763,15.49,20.239999999999998,hill,no,,2,0,0,
D0764,15.77,94.140000000000001,lake,no,,7,0,0,
D0765,4.0999999999999996,90.790000000000006,lake,no,,4,0,0,
D0766,43.219999999999999,69.409999999999997,urban,yes,1.1799999999999999,8,1,0,
D0767,79.170000000000002,91.510000000000005,hill,yes,1.6100000000000001,5,0,0,
D0768,47.609999999999999,62.140000000000001,urban,yes,1.1200000000000001,3,0,0,
D0769,22.390000000000001,41.560000000000002,urban,yes,1.1799999999999999,9,1,0,
D0770,54.689999999999998,25.100000000000001,urban,yes,1.27,3,1,0,
D0771,49.18,95.049999999999997,urban,yes,1.1699999999999999,10,1,0,
D0772,7.9699999999999998,72.060000000000002,hill,yes,1.51,7,0,0,
D0773,36.689999999999998,53.009999999999998,urban,yes,1.29,7,0,0,
D0774,95.370000000000005,42.289999999999999,hill,yes,1.6399999999999999,6,0,0,
D0775,85.870000000000005,73.459999999999994,urban,yes,1.23,8,0,0,
D0776,42.340000000000003,49.399999999999999,urban,yes,1.0800000000000001,5,0,0,
D0777,75.700000000000003,46.93,urban,yes,1.1299999999999999,7,1,0,
D0778,16.129999999999999,21.73,hill,yes,1.54,4,0,0,
D0779,28.41,52.5,urban,yes,1.27,5,0,0,
D0780,27.300000000000001,33.479999999999997,lake,yes,1.76,8,1,0,
D0781,48.68,53.350000000000001,urban,yes,1.3200000000000001,3,0,0,
D0782,93.700000000000003,18.100000000000001,hill,yes,1.3,8,0,0,
D0783,66.109999999999999,88.739999999999995,lake,yes,1.8100000000000001,6,0,0,
D0784,83.75,99.469999999999999,hill,yes,1.52,6,0,0,
D0785,36.520000000000003,97.459999999999994,urban,yes,1.26,10,0,0,
D0786,59.82,47.880000000000003,urban,yes,1.1699999999999999,7,0,0,
D0787,42.100000000000001,10.960000000000001,urban,yes,1.1499999999999999,4,0,0,
D0788,50.670000000000002,35.609999999999999,urban,yes,1.2,2,1,0,
D0789,41.310000000000002,51.009999999999998,urban,yes,1.0800000000000001,7,0,0,
D0790,46.890000000000001,49.57,urban,yes,1.27,6,0,0,
D0791,58.060000000000002,22.350000000000001,urban,yes,1.1499999999999999,9,1,0,
D0792,51.68,7.6200000000000001,urban,yes,1.29,9,0,0,
D0793,29.25,56.289999999999999,urban,yes,1.21,6,0,0,
D0794,93.909999999999997,39.729999999999997,hill,yes,1.52,8,0,0,
D0795,97.859999999999999,36.799999999999997,hill,yes,1.46,3,0,0,
D0796,88.599999999999994,10.43,mountain,no,,4,0,0,
D0797,77.450000000000003,1.3999999999999999,mountain,no,,3,0,0,
D0798,90.650000000000006,20.57,hill,yes,1.29,6,0,0,
D0799,70.510000000000005,45.880000000000003,urban,yes,1.22,12,0,0,
D0800,79.469999999999999,90.079999999999998,hill,no,,10,0,0,
D0801,28.760000000000002,70.540000000000006,hill,yes,1.3100000000000001,0,0,1,4
D0802,40.920000000000002,52.960000000000001,urban,yes,1.1100000000000001,0,0,1,2
D0803,86.069999999999993,91.269999999999996,hill,yes,1.6799999999999999,0,0,1,2
D0804,75.280000000000001,71.480000000000004,urban,yes,1.3400000000000001,0,0,5,2
D0805,86.260000000000005,81.069999999999993,hill,yes,1.25,0,0,1,6
D0806,15.710000000000001,39.740000000000002,lake,no,,0,0,2,4
D0807,78.530000000000001,94.950000000000003,hill,no,,0,0,4,4
D0808,47.950000000000003,34,urban,yes,1.1000000000000001,0,0,1,2
D0809,41.090000000000003,71.349999999999994,urban,yes,1.0600000000000001,0,0,3,2
D0810,85.980000000000004,20.850000000000001,hill,yes,1.27,0,0,2,6
D0811,20.030000000000001,40.509999999999998,mountain,no,,0,0,1,6
D0812,56.049999999999997,79.25,lake,yes,1.3999999999999999,0,0,1,6
D0813,11.34,69.730000000000004,mountain,no,,0,0,3,6
D0814,34.770000000000003,32.759999999999998,hill,yes,1.72,0,0,1,4
D0815,22.84,46.549999999999997,urban,yes,1.1899999999999999,0,0,1,4
D0816,85.25,46.859999999999999,hill,yes,1.25,0,0,2,4
D0817,99.469999999999999,17.469999999999999,hill,yes,1.5700000000000001,0,0,1,4
D0818,26.07,90.319999999999993,lake,yes,1.6699999999999999,0,0,4,6
D0819,95.819999999999993,61.700000000000003,urban,yes,1.1299999999999999,0,0,5,6
D0820,44.030000000000001,42.979999999999997,urban,yes,1.25,0,0,1,2
D0821,73.049999999999997,73.650000000000006,lake,yes,2.0600000000000001,0,0,1,4
D0822,44.689999999999998,75.180000000000007,urban,yes,1.3300000000000001,0,0,1,4
D0823,82.719999999999999,90.480000000000004,hill,yes,1.28,0,0,1,6
D0824,64.659999999999997,39.009999999999998,urban,yes,1.1100000000000001,0,0,3,4
D0825,67.489999999999995,12.18,mountain,yes,2,0,0,5,4
D0826,92.930000000000007,56.770000000000003,hill,yes,1.29,0,0,2,4
D0827,97.049999999999997,28.050000000000001,hill,yes,1.5,0,0,2,2
D0828,96.379999999999995,82.159999999999997,hill,no,,0,0,2,6
D0829,55.710000000000001,90.609999999999999,lake,yes,1.5800000000000001,0,0,2,4
D0830,44.310000000000002,13.210000000000001,urban,yes,1.1499999999999999,0,0,2,2
D0831,87.530000000000001,83.650000000000006,hill,yes,1.3500000000000001,0,0,4,4
D0832,8.5199999999999996,95.840000000000003,lake,no,,0,0,2,4
D0833,58.460000000000001,31.75,urban,yes,1.1299999999999999,0,0,1,6
D0834,57.640000000000001,76.849999999999994,urban,yes,1.26,0,0,2,2
D0835,68.700000000000003,94.909999999999997,lake,yes,1.8700000000000001,0,0,3,4
D0836,21.719999999999999,50.439999999999998,urban,yes,1.1499999999999999,0,0,2,4
D0837,43.490000000000002,48.079999999999998,urban,yes,1.0900000000000001,0,0,2,2
D0838,49.57,80.269999999999996,urban,no,,0,0,3,6
D0839,48.590000000000003,16.210000000000001,urban,yes,1.0900000000000001,0,0,1,4
D0840,55.490000000000002,16.09,urban,yes,1.0700000000000001,0,0,2,4
D0841,7.2599999999999998,30.66,lake,no,,0,0,1,6
D0842,53.479999999999997,19.289999999999999,urban,yes,1.0900000000000001,0,0,1,4
D0843,4.5300000000000002,85.069999999999993,lake,no,,0,0,2,6
D0844,70.459999999999994,55.060000000000002,urban,yes,1.3400000000000001,0,0,2,4
D0845,19.940000000000001,82.629999999999995,hill,yes,1.72,0,0,2,4
D0846,76.590000000000003,16.620000000000001,mountain,yes,2.2799999999999998,0,0,1,6
D0847,49.109999999999999,52.789999999999999,urban,yes,1.0600000000000001,0,0,3,4
D0848,33.380000000000003,47.729999999999997,urban,yes,1.29,0,0,2,4
D0849,42.950000000000003,17.870000000000001,urban,yes,1.26,0,0,1,4
D0850,27.789999999999999,56.100000000000001,urban,yes,1.21,0,0,3,4
D0851,8.5399999999999991,28.289999999999999,lake,no,,0,0,4,4
D0852,18.239999999999998,29.899999999999999,lake,yes,1.98,0,0,1,6
D0853,55.740000000000002,79.170000000000002,urban,yes,1.1299999999999999,0,0,2,4
D0854,53.939999999999998,78.939999999999998,urban,yes,1.1499999999999999,0,0,5,2
D0855,27.84,41.509999999999998,lake,yes,1.49,0,0,1,2
D0856,5.1699999999999999,35.5,lake,yes,1.4299999999999999,0,0,1,6
D0857,57.780000000000001,23.5,urban,yes,1.3200000000000001,0,0,2,4
D0858,17.530000000000001,42.399999999999999,lake,no,,0,0,2,4
D0859,8.0800000000000001,74.299999999999997,mountain,no,,0,0,1,4
D0860,95.129999999999995,4.8799999999999999,mountain,no,,0,0,1,6
D0861,26.210000000000001,31.539999999999999,hill,yes,1.6499999999999999,0,0,2,6
D0862,37.549999999999997,5.0099999999999998,urban,yes,1.3,0,0,2,6
D0863,71.459999999999994,78.060000000000002,urban,yes,1.2,0,0,2,6
D0864,60.909999999999997,46.810000000000002,urban,yes,1.3,0,0,2,4
D0865,56.460000000000001,94.890000000000001,lake,no,,0,0,2,6
D0866,44.020000000000003,8.4299999999999997,urban,yes,1.27,0,0,2,6
D0867,33.119999999999997,78.049999999999997,hill,yes,1.54,0,0,2,4
D0868,19.91,92.950000000000003,lake,yes,1.71,0,0,1,2
D0869,93.680000000000007,66.569999999999993,urban,yes,1.27,0,0,1,6
D0870,22.350000000000001,30.559999999999999,lake,yes,1.6200000000000001,0,0,5,4
D0871,49.25,16.300000000000001,urban,yes,1.1699999999999999,0,0,2,2
D0872,37.200000000000003,53.359999999999999,urban,yes,1.1499999999999999,0,0,3,2
D0873,30.440000000000001,77.409999999999997,hill,yes,1.6000000000000001,0,0,2,6
D0874,49.399999999999999,83.159999999999997,lake,no,,0,0,2,4
D0875,84.420000000000002,74.189999999999998,hill,yes,1.46,0,0,1,6
D0876,14.92,5.9900000000000002,hill,no,,0,0,3,6
D0877,64.920000000000002,43.880000000000003,urban,yes,1.1000000000000001,0,0,2,2
D0878,28.550000000000001,67.120000000000005,hill,yes,1.75,0,0,1,4
D0879,46.780000000000001,77.849999999999994,urban,yes,1.1399999999999999,0,0,2,4
D0880,78.359999999999999,67.799999999999997,urban,yes,1.25,0,0,3,2
D0881,96.75,18,hill,yes,1.4199999999999999,0,0,1,2
D0882,22.510000000000002,36.740000000000002,lake,yes,1.6100000000000001,0,0,3,6
D0883,90.030000000000001,23.91,hill,yes,1.6299999999999999,0,0,2,6
D0884,1.27,37.369999999999997,lake,no,,0,0,1,4
D0885,92.079999999999998,82.650000000000006,hill,no,,0,0,1,4
D0886,43.670000000000002,46.829999999999998,urban,yes,1.27,0,0,1,2
D0887,57.909999999999997,30.300000000000001,urban,yes,1.0600000000000001,0,0,1,4
D0888,66.890000000000001,57.990000000000002,urban,yes,1.27,0,0,2,4
D0889,61.130000000000003,57.009999999999998,urban,yes,1.26,0,0,1,4
D0890,94.019999999999996,38.189999999999998,hill,no,,0,0,4,6
D0891,97.420000000000002,26.489999999999998,hill,no,,0,0,1,6
D0892,50.240000000000002,13.18,urban,yes,1.0900000000000001,0,0,2,4
D0893,7.9000000000000004,85.150000000000006,lake,no,,0,0,1,6
D0894,21.620000000000001,51.539999999999999,urban,yes,1.0900000000000001,0,0,2,4
D0895,93.599999999999994,9.25,mountain,no,,0,0,3,4
D0896,19.050000000000001,10.24,hill,yes,1.3600000000000001,0,0,1,6
D0897,74.819999999999993,87.040000000000006,hill,yes,1.6699999999999999,0,0,3,4
D0898,8.6300000000000008,32.119999999999997,lake,yes,1.49,0,0,1,4
D0899,97.400000000000006,90.709999999999994,hill,no,,0,0,2,6
D0900,15.960000000000001,64.200000000000003,hill,yes,1.6299999999999999,0,0,2,4
D0901,80.599999999999994,26.789999999999999,hill,no,,0,0,3,4
D0902,8.4399999999999995,83.829999999999998,lake,no,,0,0,3,4
D0903,96.730000000000004,74.849999999999994,urban,yes,1.1899999999999999,0,0,3,4
D0904,28.550000000000001,26.289999999999999,lake,yes,1.72,0,0,5,4
D0905,96.510000000000005,21.530000000000001,hill,no,,0,0,1,4
D0906,48.619999999999997,10,urban,yes,1.3200000000000001,0,0,2,4
D0907,71.319999999999993,53.649999999999999,urban,yes,1.1599999999999999,0,0,2,6
D0908,41.609999999999999,23.91,urban,yes,1.2,0,0,1,4
D0909,50.439999999999998,17.98,urban,yes,1.0800000000000001,0,0,2,2
D0910,72.379999999999995,80.530000000000001,urban,yes,1.1899999999999999,0,0,3,4
D0911,72.700000000000003,86.319999999999993,urban,yes,1.1200000000000001,0,0,1,2
D0912,70.519999999999996,44.729999999999997,urban,yes,1.24,0,0,3,4
D0913,33.240000000000002,13.26,urban,yes,1.3,0,0,1,4
D0914,49.810000000000002,3.9300000000000002,urban,yes,1.25,0,0,3,2
D0915,7.7699999999999996,36.369999999999997,lake,no,,0,0,1,4
D0916,20.309999999999999,45.060000000000002,urban,no,,0,0,1,4
D0917,63.149999999999999,81.730000000000004,lake,yes,2.0600000000000001,0,0,1,6
D0918,82.739999999999995,73.680000000000007,urban,yes,1.3200000000000001,0,0,3,4
D0919,90.469999999999999,82.219999999999999,hill,yes,1.6399999999999999,0,0,3,6
D0920,10.460000000000001,76.950000000000003,mountain,yes,2.29,0,0,2,6
D0921,17.969999999999999,24.940000000000001,mountain,no,,0,0,2,4
D0922,50.170000000000002,50.700000000000003,urban,yes,1.1899999999999999,0,0,1,4
D0923,32.149999999999999,18.98,hill,no,,0,0,2,2
D0924,48.740000000000002,56.710000000000001,urban,yes,1.05,0,0,3,4
D0925,48.259999999999998,77.959999999999994,urban,yes,1.24,0,0,3,2
D0926,83.540000000000006,21.870000000000001,hill,yes,1.52,0,0,2,4
D0927,83.769999999999996,92.480000000000004,lake,yes,2.02,0,0,2,4
D0928,87.299999999999997,63.030000000000001,hill,no,,0,0,1,4
D0929,26.989999999999998,38.450000000000003,lake,yes,1.72,0,0,1,4
D0930,21.140000000000001,51.840000000000003,urban,yes,1.21,0,0,1,2
D0931,56.479999999999997,74.969999999999999,urban,yes,1.1599999999999999,0,0,2,6
D0932,32.25,45.710000000000001,urban,yes,1.1799999999999999,0,0,1,4
D0933,54.049999999999997,77.420000000000002,lake,yes,1.8300000000000001,0,0,3,2
D0934,95.489999999999995,86.079999999999998,hill,yes,1.3700000000000001,0,0,1,4
D0935,63.899999999999999,55.359999999999999,urban,yes,1.3200000000000001,0,0,1,4
D0936,36.950000000000003,50.719999999999999,urban,yes,1.3200000000000001,0,0,2,4
D0937,44.869999999999997,71.730000000000004,urban,yes,1.3500000000000001,0,0,1,4
D0938,14.4,84.890000000000001,hill,no,,0,0,3,4
D0939,81.030000000000001,87.650000000000006,hill,no,,0,0,2,6
D0940,7.7699999999999996,3,mountain,no,,0,0,5,4
D0941,61.450000000000003,1.76,mountain,yes,2.0800000000000001,0,0,3,6
D0942,22.920000000000002,42.469999999999999,urban,yes,1.21,0,0,2,6
D0943,94.209999999999994,72,urban,yes,1.25,0,0,2,6
D0944,12.66,59.93,mountain,yes,1.79,0,0,1,4
D0945,25.449999999999999,54.049999999999997,urban,yes,1.3,0,0,5,4
D0946,91.219999999999999,63.210000000000001,urban,yes,1.2,0,0,1,2
D0947,71.739999999999995,43.700000000000003,urban,yes,1.25,0,0,2,4
D0948,91.849999999999994,78.329999999999998,urban,yes,1.3300000000000001,0,0,2,4
D0949,30.620000000000001,68.969999999999999,hill,no,,0,0,2,4
D0950,93.859999999999999,71.060000000000002,hill,yes,1.49,0,0,1,4
D0951,3.9700000000000002,43.060000000000002,lake,yes,1.77,0,0,3,4
D0952,29.559999999999999,27.600000000000001,hill,yes,1.45,0,0,1,6
D0953,43.719999999999999,20.789999999999999,urban,yes,1.22,0,0,1,6
D0954,15.970000000000001,41.770000000000003,lake,no,,0,0,1,4
D0955,91.340000000000003,69.890000000000001,urban,yes,1.1899999999999999,0,0,1,4
D0956,70.450000000000003,26.559999999999999,mountain,yes,1.8700000000000001,0,0,1,2
D0957,45.619999999999997,52.890000000000001,urban,yes,1.21,0,0,2,4
D0958,27.170000000000002,72.349999999999994,hill,yes,1.46,0,0,2,4
D0959,97.519999999999996,55.890000000000001,hill,yes,1.6499999999999999,0,0,2,4
D0960,74.819999999999993,36.659999999999997,hill,yes,1.72,0,0,3,6
D0961,92.019999999999996,73.040000000000006,urban,yes,1.1299999999999999,0,0,1,2
D0962,46.560000000000002,89.730000000000004,lake,yes,1.6299999999999999,0,0,2,4
D0963,88.280000000000001,42.43,hill,no,,0,0,1,4
D0964,88.719999999999999,4.5800000000000001,mountain,yes,2.21,0,0,3,6
D0965,62.5,36,urban,yes,1.27,0,0,3,6
D0966,12.44,26.809999999999999,lake,no,,0,0,1,4
D0967,93.209999999999994,66.280000000000001,hill,yes,1.5700000000000001,0,0,4,2
D0968,28.23,38.18,lake,yes,1.54,0,0,1,6
D0969,48.049999999999997,21.5,urban,yes,1.25,0,0,3,6
D0970,23.73,94.219999999999999,lake,no,,0,0,2,6
D0971,30.260000000000002,8.8800000000000008,mountain,yes,1.9099999999999999,0,0,3,6
D0972,86.120000000000005,98.069999999999993,hill,yes,1.48,0,0,2,4
D0973,92.560000000000002,72.659999999999997,urban,yes,1.25,0,0,2,4
D0974,82.719999999999999,84.730000000000004,lake,yes,1.8300000000000001,0,0,1,2
D0975,60.960000000000001,82.980000000000004,lake,yes,1.8400000000000001,0,0,1,4
D0976,97.159999999999997,60.340000000000003,urban,yes,1.25,0,0,1,4
D0977,88.269999999999996,31.32,hill,yes,1.49,0,0,1,2
D0978,49.280000000000001,38.170000000000002,urban,yes,1.05,0,0,1,2
D0979,51.350000000000001,70.5,urban,yes,1.23,0,0,1,4
D0980,13.56,32.840000000000003,lake,yes,1.4199999999999999,0,0,3,6
D0981,83.140000000000001,27.350000000000001,mountain,no,,0,0,1,4
D0982,46.439999999999998,30.890000000000001,urban,yes,1.25,0,0,3,2
D0983,25.890000000000001,20.239999999999998,mountain,no,,0,0,2,4
D0984,56.990000000000002,31.850000000000001,urban,yes,1.1799999999999999,0,0,4,4
D0985,95.819999999999993,76.75,urban,yes,1.1899999999999999,0,0,5,2
D0986,52.549999999999997,12.92,urban,yes,1.25,0,0,3,6
D0987,90.120000000000005,17.460000000000001,hill,yes,1.6399999999999999,0,0,2,4
D0988,59.329999999999998,45.829999999999998,urban,yes,1.1899999999999999,0,0,1,4
D0989,42.229999999999997,79.079999999999998,urban,yes,1.1599999999999999,0,0,3,4
D0990,23.559999999999999,50.630000000000003,urban,yes,1.0600000000000001,0,0,3,6
D0991,6.8700000000000001,44.229999999999997,mountain,yes,1.5700000000000001,0,0,1,4
D0992,25.640000000000001,38.460000000000001,lake,yes,1.3999999999999999,0,0,1,4
D0993,85.329999999999998,82.950000000000003,hill,yes,1.46,0,0,4,2
D0994,22.43,84.909999999999997,lake,yes,1.8200000000000001,0,0,2,4
D0995,30.190000000000001,81.209999999999994,hill,yes,1.6899999999999999,0,0,2,2
D0996,47.149999999999999,15.109999999999999,urban,yes,1.3500000000000001,0,0,3,2
D0997,25.059999999999999,33.649999999999999,lake,yes,1.9099999999999999,0,0,2,4
D0998,7.3099999999999996,79.5,mountain,no,,0,0,3,6
D0999,4.5199999999999996,78.379999999999995,lake,yes,1.9299999999999999,0,0,1,4
D1000,13.16,96.319999999999993,lake,no,,0,0,2,6
