表,位置,字段,观测值,校正值,标准化调整
1B,2025-08/E03,送端电量,191.127,175.282,-3.316
1B,2025-08/E03,受端电量,157.636,168.34,2.716
1A,2025-06/A5,水电发电量,568.224,545.716,-1.981
2A,A1,省外输入电量,10314.598,10561.706,1.597
1A,2025-03/A6,省外输入电量,623.485,604.959,-1.486
2A,A4,省外输入电量,12611.462,12888.854,1.466
2B,E05,年度受端汇总,6867.959,7008.739,1.367
1A,2025-11/A4,省外输入电量,914.326,933.579,1.053
2A,A5,终端用电量,5298.241,5216.378,-1.03
1B,2025-11/E05,受端电量,499.889,512.75,1.029
2A,A6,省外输入电量,6765.192,6867.569,1.009
1A,2025-12/A4,省外输入电量,965.617,984.846,0.996
1A,2025-05/A5,水电发电量,496.077,505.918,0.992
1A,2025-06/A4,省外输入电量,1052.739,1073.317,0.977
1A,2025-02/A4,省外输入电量,1029.346,1049.177,0.963
2B,E10,年度受端汇总,1563.777,1541.489,-0.95
2A,A5,本地发电量,5534.345,5611.28,0.927
2B,E10,年度送端汇总,1559.593,1581.266,0.926
1A,2025-08/A6,省外输入电量,738.559,751.905,0.904
1A,2025-10/A6,省外输入电量,577.497,587.787,0.891
1A,2025-07/A4,省外输入电量,1186.651,1207.522,0.879
1A,2025-02/A6,省外输入电量,662.711,674.133,0.862
1A,2025-08/A4,省外输入电量,1292.432,1314.247,0.844
1A,2025-12/A6,省外输入电量,587.923,597.729,0.834
1A,2025-11/A5,水电发电量,249.378,253.472,0.821
1A,2025-09/A4,省外输入电量,1111.89,1130.066,0.817
1A,2025-10/A5,水电发电量,309.266,314.254,0.806
1A,2025-04/A4,省外输入电量,974.641,990.284,0.802
1A,2025-03/A5,水电发电量,290.328,294.896,0.787
2A,A3,本地发电量,1985.381,2008.557,0.778
1B,2025-03/E10,受端电量,168.472,171.734,0.774
1A,2025-05/A7,水电发电量,198.405,201.474,0.773
1A,2025-01/A6,省外输入电量,742.052,753.426,0.766
1A,2025-09/A6,省外输入电量,565.075,573.733,0.766
1A,2025-11/A3,终端用电合计,672.2,664.527,-0.761
1A,2025-08/A7,水电发电量,215.507,218.766,0.756
1A,2025-04/A5,水电发电量,377.868,383.54,0.751
1A,2025-06/A7,水电发电量,225.282,228.635,0.744
1A,2025-11/A3,建筑服务用电,263.745,259.826,-0.743
2A,A4,终端用电量,12076.126,11941.462,-0.743
2A,A4,本地发电量,7918.125,8004.788,0.73
1A,2025-01/A4,省外输入电量,1151.683,1168.472,0.729
1A,2025-10/A4,省外输入电量,1004.75,1019.323,0.725
2B,E04,年度送端汇总,904.511,914.34,0.724
1A,2025-08/A5,水电发电量,544.136,551.971,0.72
1A,2025-06/A6,省外输入电量,405.631,411.426,0.714
1A,2025-03/A4,省外输入电量,995.325,1009.339,0.704
1A,2025-04/A1,省外输入电量,802.16,813.417,0.702
1A,2025-09/A1,省外输入电量,898.954,911.53,0.699
1A,2025-12/A4,火电发电量,655.364,664.498,0.697
1A,2025-11/A6,省外输入电量,511.259,518.379,0.696
1A,2025-06/A1,省外输入电量,869.613,881.709,0.696
1A,2025-07/A7,水电发电量,234.961,238.206,0.691
1B,2025-11/E05,送端电量,509.341,518.118,0.689
1A,2025-07/A6,省外输入电量,566.267,574.063,0.688
1A,2025-04/A6,省外输入电量,428.007,433.886,0.687
1A,2025-09/A5,水电发电量,417.358,423.019,0.678
1A,2025-11/A1,省外输入电量,749.616,759.686,0.672
1A,2025-11/A4,火电发电量,559.827,567.246,0.663
1A,2025-05/A1,省外输入电量,821.431,832.323,0.663
1A,2025-03/A2,火电发电量,407.048,412.395,0.657
1A,2025-05/A6,省外输入电量,381.242,386.143,0.643
2A,A2,本地发电量,5890.306,5945.569,0.625
2B,E11,年度受端汇总,718.705,712.139,-0.609
2A,A2,工业用电量,5874.905,5821.352,-0.608
1A,2025-02/A4,火电发电量,613.348,620.631,0.594
1A,2025-12/A5,水电发电量,207.761,210.221,0.592
1A,2025-02/A5,水电发电量,231.615,234.351,0.591
1A,2025-02/A1,省外输入电量,862.28,872.406,0.587
1A,2025-07/A8,水电发电量,179.718,181.822,0.585
1A,2025-12/A1,省外输入电量,802.363,811.708,0.582
2A,A8,本地发电量,3716.532,3748.705,0.577
1A,2025-09/A7,水电发电量,167.33,169.255,0.575
1A,2025-03/A1,省外输入电量,817.981,827.306,0.57
1A,2025-11/A3,居民用电,201.689,199.397,-0.568
1A,2025-01/A1,省外输入电量,957.104,967.695,0.553
2A,A5,工业用电量,1582.541,1569.431,-0.552
1A,2025-11/A2,火电发电量,401.104,405.525,0.551
1A,2025-10/A1,省外输入电量,833.192,842.376,0.551
1A,2025-04/A2,火电发电量,379.437,383.619,0.551
1A,2025-02/A2,火电发电量,435.194,439.927,0.544
1A,2025-01/A5,水电发电量,230.799,233.198,0.52
1A,2025-06/A4,火电发电量,535.682,541.195,0.515
1A,2025-07/A5,水电发电量,590.304,596.386,0.515
2B,E04,年度受端汇总,880.461,887.225,0.512
2A,A1,终端用电量,15126.91,15010.645,-0.512
1A,2025-05/A2,火电发电量,365.829,369.56,0.51
1B,2025-06/E05,受端电量,587.782,595.252,0.508
1A,2025-08/A1,省外输入电量,1056.174,1066.852,0.505
2A,A7,终端用电量,3838.379,3809.561,-0.501
1A,2025-01/A2,省外输入电量,571.428,577.157,0.501
1A,2025-05/A8,水电发电量,155.473,157.028,0.5
1A,2025-06/A2,火电发电量,384.087,387.916,0.499
1B,2025-02/E05,受端电量,565.828,572.869,0.498
1A,2025-10/A7,水电发电量,125.837,127.07,0.49
1A,2025-12/A2,火电发电量,464.432,468.961,0.488
1B,2025-06/E04,送端电量,164.208,166.186,0.482
1A,2025-07/A4,火电发电量,617.76,623.662,0.478
1A,2025-11/A8,火电发电量,127.185,128.371,0.466
2B,E03,年度受端汇总,1534.241,1544.909,0.464
1A,2025-06/A5,终端用电合计,431.489,434.495,0.464
1A,2025-04/A4,火电发电量,538.309,543.268,0.461
1A,2025-07/A8,火电发电量,139.865,141.139,0.456
1A,2025-07/A8,工业用电,217.015,215.04,-0.455
1A,2025-03/A7,水电发电量,116.035,117.091,0.455
1A,2025-12/A8,火电发电量,150.001,151.358,0.453
1B,2025-10/E11,受端电量,94.051,95.114,0.452
1A,2025-08/A4,火电发电量,652.377,658.209,0.447
1B,2025-11/E10,受端电量,165.412,167.251,0.445
1A,2025-08/A8,水电发电量,170.218,171.732,0.445
1B,2025-05/E05,受端电量,556.714,562.884,0.443
1A,2025-03/A2,工业用电,475.154,470.958,-0.442
1A,2025-07/A8,终端用电合计,435.877,432.99,-0.442
1A,2025-06/A5,居民用电,210.483,212.331,0.439
2A,A3,终端用电量,9093.739,9034.056,-0.438
1A,2025-09/A4,火电发电量,567.822,572.77,0.436
1A,2025-07/A2,火电发电量,439.174,442.995,0.435
1A,2025-11/A7,水电发电量,100.478,101.345,0.431
1B,2025-09/E10,受端电量,122.55,123.865,0.429
1B,2025-08/E06,受端电量,114.086,115.308,0.428
1A,2025-01/A4,火电发电量,643.53,649.038,0.428
1A,2025-02/A8,火电发电量,139.813,141.009,0.428
1A,2025-03/A4,火电发电量,572.162,577.004,0.423
1A,2025-11/A3,工业用电,155.442,154.128,-0.423
1A,2025-03/A2,终端用电合计,824.099,818.911,-0.42
1A,2025-01/A7,终端用电合计,356.646,354.402,-0.419
1A,2025-01/A7,居民用电,172.012,170.569,-0.419
2A,A2,省外输入电量,3355.614,3376.382,0.413
1A,2025-01/A2,火电发电量,455.896,459.635,0.41
1A,2025-06/A8,水电发电量,175.714,177.144,0.407
1A,2025-10/A4,火电发电量,538.076,542.441,0.406
1B,2025-12/E10,受端电量,222.746,224.99,0.403
1B,2025-05/E04,送端电量,115.089,113.933,-0.402
1A,2025-08/A8,工业用电,232.374,230.526,-0.398
1A,2025-08/A2,火电发电量,469.937,473.659,0.396
2A,A6,本地发电量,2726.896,2710.745,-0.395
1A,2025-02/A2,省外输入电量,318.607,321.098,0.391
1A,2025-08/A8,火电发电量,149.686,150.857,0.391
1B,2025-10/E05,受端电量,565.014,570.528,0.39
1A,2025-04/A2,工业用电,465.505,461.886,-0.389
1A,2025-11/A8,终端用电合计,332.795,330.858,-0.388
1A,2025-09/A8,工业用电,206.006,204.409,-0.387
1A,2025-09/A8,火电发电量,131.149,132.162,0.386
1A,2025-08/A8,终端用电合计,467.919,465.227,-0.384
2A,A4,工业用电量,8067.34,8021.014,-0.383
1A,2025-08/A7,终端用电合计,385.266,383.066,-0.381
1A,2025-08/A7,居民用电,178.999,177.639,-0.38
1A,2025-11/A8,工业用电,164.788,163.538,-0.379
1A,2025-09/A8,水电发电量,128.524,129.497,0.379
1A,2025-02/A8,工业用电,192.72,191.261,-0.378
1A,2025-09/A8,终端用电合计,400.09,397.828,-0.377
1A,2025-02/A8,终端用电合计,388.457,386.267,-0.376
1A,2025-05/A8,火电发电量,116.867,117.745,0.376
1A,2025-03/A6,工业用电,268.836,270.857,0.376
1A,2025-05/A2,工业用电,458.873,455.444,-0.374
1A,2025-04/A8,火电发电量,123.12,124.036,0.372
1A,2025-01/A7,水电发电量,91.126,91.803,0.371
1A,2025-11/A3,火电发电量,95.884,96.595,0.371
1A,2025-05/A8,终端用电合计,363.657,361.632,-0.371
1A,2025-05/A8,工业用电,180.642,179.306,-0.37
1A,2025-04/A2,终端用电合计,806.715,802.234,-0.37
1A,2025-02/A7,终端用电合计,319.422,317.654,-0.369
1A,2025-11/A5,居民用电,183.854,182.498,-0.369
1A,2025-10/A2,火电发电量,384.441,387.272,0.368
1A,2025-06/A2,工业用电,482.725,479.196,-0.366
1A,2025-11/A1,火电发电量,304.321,306.543,0.365
1A,2025-12/A1,火电发电量,353.962,356.542,0.364
1A,2025-02/A7,水电发电量,91.175,91.837,0.363
1A,2025-02/A7,居民用电,152.922,151.814,-0.362
1A,2025-02/A3,终端用电合计,738.378,734.374,-0.362
1A,2025-05/A2,终端用电合计,829.1,824.655,-0.357
1A,2025-11/A4,工业用电,575.598,571.488,-0.357
1A,2025-04/A8,水电发电量,117.813,118.652,0.356
1A,2025-03/A8,火电发电量,130.718,131.648,0.356
1A,2025-08/A2,省外输入电量,432.926,436.001,0.355
1A,2025-06/A6,工业用电,277.06,275.09,-0.355
1A,2025-02/A3,建筑服务用电,285.2,283.177,-0.355
1A,2025-11/A5,终端用电合计,377.01,375.012,-0.353
1A,2025-11/A4,终端用电合计,867.146,862.571,-0.352
1A,2025-04/A8,工业用电,183.508,182.221,-0.351
1A,2025-06/A2,终端用电合计,873.602,869.003,-0.351
1A,2025-11/A7,终端用电合计,273.829,272.396,-0.349
1A,2025-12/A8,终端用电合计,363.232,361.341,-0.347
1A,2025-12/A8,工业用电,179.227,177.984,-0.347
1A,2025-04/A8,终端用电合计,355.081,353.231,-0.347
1A,2025-02/A2,工业用电,474.985,471.696,-0.346
1A,2025-12/A5,居民用电,197.731,196.362,-0.346
1A,2025-04/A1,火电发电量,292.978,295.002,0.345
1A,2025-03/A6,终端用电合计,591.037,594.095,0.345
1A,2025-12/A7,终端用电合计,300.668,299.11,-0.345
1A,2025-05/A7,终端用电合计,299.655,298.111,-0.344
1A,2025-12/A4,工业用电,617.792,613.55,-0.343
1A,2025-10/A7,终端用电合计,300.511,298.971,-0.342
1B,2025-12/E11,受端电量,129.822,130.929,0.341
1B,2025-01/E11,受端电量,116.582,117.568,0.338
1A,2025-12/A4,终端用电合计,929.525,924.81,-0.338
1A,2025-03/A7,终端用电合计,295.461,293.962,-0.338
1A,2025-11/A7,居民用电,133.546,132.645,-0.337
1A,2025-12/A7,居民用电,143.616,142.648,-0.337
1A,2025-09/A1,火电发电量,310.771,312.86,0.336
2A,A1,本地发电量,4598.433,4575.298,-0.335
1A,2025-11/A2,工业用电,417.473,414.676,-0.335
1A,2025-05/A7,居民用电,145.698,144.721,-0.335
1A,2025-02/A5,居民用电,211.983,210.571,-0.333
1A,2025-02/A2,终端用电合计,858.985,854.707,-0.332
1A,2025-06/A4,工业用电,662.208,657.808,-0.332
1A,2025-12/A7,水电发电量,84.081,84.639,0.332
1A,2025-10/A7,居民用电,143.263,142.316,-0.331
1A,2025-02/A4,工业用电,656.068,651.724,-0.331
1B,2025-01/E10,受端电量,269.426,271.643,0.329
1A,2025-01/A8,火电发电量,147.676,148.649,0.329
1A,2025-09/A7,终端用电合计,330.909,329.282,-0.328
1A,2025-06/A4,终端用电合计,1001.276,996.355,-0.328
1A,2025-03/A7,居民用电,140.387,139.47,-0.327
1A,2025-06/A5,工业用电,128.282,129.121,0.327
1A,2025-02/A1,火电发电量,332.218,334.392,0.327
1A,2025-12/A5,终端用电合计,410.36,408.348,-0.327
1A,2025-06/A6,终端用电合计,634.395,631.295,-0.326
1A,2025-12/A3,终端用电合计,695.289,691.893,-0.326
1A,2025-02/A4,终端用电合计,987.697,982.859,-0.326
1A,2025-08/A6,工业用电,347.16,344.903,-0.325
1A,2025-01/A5,居民用电,232.76,231.248,-0.325
1A,2025-07/A3,建筑服务用电,358.962,356.645,-0.323
1A,2025-07/A2,省外输入电量,333.919,336.079,0.323
1A,2025-03/A5,居民用电,193.287,192.039,-0.323
1A,2025-03/A8,工业用电,185.323,184.13,-0.322
1A,2025-09/A7,居民用电,157.386,156.372,-0.322
1A,2025-11/A2,终端用电合计,755.693,752.054,-0.321
1A,2025-12/A3,建筑服务用电,270.433,268.696,-0.321
1A,2025-05/A6,工业用电,259.804,258.135,-0.321
1A,2025-06/A1,火电发电量,291.074,292.944,0.321
1A,2025-08/A3,建筑服务用电,387.084,384.606,-0.32
2A,A8,终端用电量,4641.269,4619.048,-0.319
1A,2025-03/A8,终端用电合计,359.813,358.098,-0.318
1B,2025-03/E10,送端电量,175.175,176.568,0.318
1A,2025-06/A3,终端用电合计,749.472,745.898,-0.318
1A,2025-03/A2,省外输入电量,199.149,200.411,0.317
1A,2025-07/A2,工业用电,549.396,545.922,-0.316
1A,2025-01/A8,工业用电,214.137,212.792,-0.314
2B,E08,年度送端汇总,323.457,324.978,0.313
1A,2025-10/A5,居民用电,194.171,192.956,-0.313
1A,2025-09/A1,终端用电合计,1303.699,1297.604,-0.312
1A,2025-05/A1,火电发电量,279.862,281.602,0.311
1A,2025-07/A3,终端用电合计,874.39,870.305,-0.311
1A,2025-04/A6,工业用电,265.093,263.446,-0.311
1A,2025-02/A5,终端用电合计,438.692,436.651,-0.31
1A,2025-03/A1,火电发电量,308.433,310.337,0.309
1A,2025-06/A1,终端用电合计,1254.806,1248.99,-0.309
1A,2025-10/A6,工业用电,273.206,271.517,-0.309
1A,2025-01/A1,火电发电量,350.217,352.38,0.309
1A,2025-01/A8,终端用电合计,429.483,427.5,-0.308
1A,2025-04/A1,终端用电合计,1161.212,1155.841,-0.308
1A,2025-08/A3,终端用电合计,940.419,936.075,-0.308
1A,2025-03/A5,终端用电合计,406.198,404.336,-0.306
1A,2025-01/A3,终端用电合计,817.786,814.041,-0.305
1A,2025-06/A7,终端用电合计,315.971,314.523,-0.305
1A,2025-12/A6,火电发电量,168.249,169.274,0.305
1A,2025-07/A2,终端用电合计,989.252,984.738,-0.304
1A,2025-06/A3,建筑服务用电,279.456,277.762,-0.303
1A,2025-04/A2,省外输入电量,211.999,213.285,0.303
1A,2025-09/A6,工业用电,299.2,297.384,-0.303
1B,2025-02/E10,受端电量,257.789,259.736,0.302
1A,2025-01/A3,建筑服务用电,315.63,313.732,-0.301
1A,2025-07/A6,工业用电,322.787,320.846,-0.301
1A,2025-07/A4,工业用电,752.576,748.039,-0.301
1A,2025-06/A7,居民用电,154.131,153.206,-0.3
1A,2025-06/A6,火电发电量,139.252,140.087,0.3
1A,2025-01/A5,终端用电合计,485.014,482.846,-0.298
1A,2025-07/A4,终端用电合计,1131.168,1126.127,-0.297
1A,2025-07/A7,终端用电合计,358.233,356.639,-0.297
1B,2025-05/E05,送端电量,567.183,571.385,0.296
1A,2025-05/A1,终端用电合计,1185.675,1180.435,-0.295
1A,2025-05/A6,终端用电合计,599.024,596.377,-0.295
1A,2025-10/A5,终端用电合计,409.802,407.987,-0.295
1A,2025-08/A6,终端用电合计,795.395,791.883,-0.294
1B,2025-06/E05,送端电量,608.327,603.853,-0.294
1A,2025-10/A2,省外输入电量,313.682,315.523,0.293
1A,2025-11/A1,终端用电合计,1081.75,1076.99,-0.293
1A,2025-03/A6,火电发电量,146.829,145.971,-0.292
1A,2025-07/A7,居民用电,165.376,164.41,-0.292
1A,2025-06/A5,光伏发电量,83.043,82.563,-0.289
1A,2025-08/A2,工业用电,588.878,585.494,-0.287
1A,2025-06/A8,工业用电,189.086,188.006,-0.286
1A,2025-11/A8,水电发电量,78.143,78.591,0.286
1A,2025-06/A8,火电发电量,123.423,124.129,0.286
1A,2025-04/A3,终端用电合计,689.755,686.809,-0.285
1B,2025-09/E05,受端电量,641.216,645.775,0.284
1A,2025-08/A4,工业用电,800.3,795.758,-0.284
1A,2025-06/A8,终端用电合计,380.105,378.486,-0.284
1A,2025-10/A1,火电发电量,290.855,292.488,0.281
1A,2025-04/A6,终端用电合计,584.679,582.221,-0.28
1A,2025-08/A4,终端用电合计,1209.982,1204.907,-0.28
1A,2025-09/A4,终端用电合计,1041.82,1037.465,-0.279
1A,2025-10/A6,终端用电合计,601.286,598.773,-0.279
1A,2025-09/A4,工业用电,718.249,714.245,-0.279
1A,2025-08/A2,终端用电合计,1063.287,1058.839,-0.279
1A,2025-08/A1,火电发电量,355.216,357.19,0.278
1A,2025-04/A4,终端用电合计,921.868,918.053,-0.276
1A,2025-04/A4,工业用电,635.443,631.938,-0.276
1A,2025-10/A3,终端用电合计,709.606,706.666,-0.276
1A,2025-05/A6,火电发电量,132.279,133.006,0.275
1A,2025-12/A2,工业用电,449.292,446.832,-0.274
1A,2025-01/A2,工业用电,524.912,522.044,-0.273
1A,2025-04/A3,建筑服务用电,256.098,254.7,-0.273
1A,2025-12/A6,工业用电,257.178,255.774,-0.273
1A,2025-04/A6,火电发电量,136.67,137.416,0.273
1A,2025-02/A3,居民用电,219.041,217.848,-0.272
1A,2025-08/A6,火电发电量,168.677,169.596,0.272
1A,2025-09/A6,终端用电合计,662.461,659.755,-0.272
1A,2025-07/A6,终端用电合计,738.414,735.402,-0.272
2B,E06,年度受端汇总,185.891,185.137,-0.27
1A,2025-02/A6,工业用电,270.584,269.141,-0.267
1A,2025-02/A6,火电发电量,157.609,158.45,0.267
1A,2025-09/A3,终端用电合计,783.897,780.765,-0.266
1A,2025-10/A6,火电发电量,137.676,138.409,0.266
1A,2025-02/A1,终端用电合计,1233.652,1228.725,-0.266
1A,2025-01/A2,终端用电合计,948.594,944.808,-0.266
1A,2025-10/A3,建筑服务用电,263.745,262.348,-0.265
1A,2025-03/A3,终端用电合计,698.699,695.923,-0.265
1A,2025-12/A2,终端用电合计,809.401,806.191,-0.264
1A,2025-12/A1,终端用电合计,1150.355,1145.845,-0.261
1A,2025-05/A3,终端用电合计,709.559,706.781,-0.261
1A,2025-10/A2,工业用电,476.122,473.644,-0.26
1A,2025-01/A1,终端用电合计,1369.629,1364.295,-0.26
1A,2025-06/A1,居民用电,409.882,407.757,-0.259
1A,2025-09/A3,建筑服务用电,291.014,289.514,-0.258
1A,2025-09/A1,工业用电,402.461,400.395,-0.257
1B,2025-07/E06,受端电量,69.384,69.83,0.257
1A,2025-03/A1,终端用电合计,1167.854,1163.351,-0.257
1A,2025-03/A3,建筑服务用电,259.923,258.598,-0.255
2B,E05,年度送端汇总,7077.751,7104.874,0.255
1A,2025-08/A1,终端用电合计,1563.113,1557.125,-0.255
1A,2025-09/A6,火电发电量,146.058,146.804,0.255
1A,2025-06/A3,居民用电,233.191,232.011,-0.253
1A,2025-07/A6,火电发电量,157.168,157.962,0.253
1A,2025-07/A8,居民用电,125.388,124.752,-0.253
1A,2025-11/A6,火电发电量,144.497,145.23,0.253
1B,2025-02/E10,送端电量,264.266,265.933,0.252
1A,2025-10/A2,终端用电合计,826.098,822.979,-0.252
1A,2025-09/A1,居民用电,404.34,402.311,-0.251
1A,2025-05/A1,居民用电,393.511,391.538,-0.251
1A,2025-04/A1,工业用电,359.535,357.728,-0.251
2B,E03,年度送端汇总,1581.24,1587.159,0.25
1A,2025-10/A1,终端用电合计,1186.841,1182.387,-0.25
1A,2025-04/A1,居民用电,367.159,365.32,-0.25
1A,2025-03/A8,水电发电量,91.287,91.741,0.249
1A,2025-12/A6,终端用电合计,587.928,585.735,-0.249
1A,2025-05/A3,建筑服务用电,263.122,261.811,-0.249
1A,2025-11/A1,居民用电,356.946,355.173,-0.248
1A,2025-10/A4,终端用电合计,944.397,940.877,-0.248
1A,2025-10/A4,工业用电,651.637,648.405,-0.248
1A,2025-01/A4,工业用电,719.563,716.012,-0.247
1B,2025-03/E05,受端电量,538.339,541.654,0.246
1A,2025-05/A5,居民用电,199.613,198.632,-0.246
1A,2025-01/A6,工业用电,302.99,301.502,-0.245
1A,2025-01/A4,终端用电合计,1087.702,1083.715,-0.244
1A,2025-06/A1,工业用电,375.582,373.749,-0.244
1A,2025-05/A2,省外输入电量,176.871,177.729,0.243
1A,2025-02/A6,终端用电合计,622.355,620.085,-0.243
1A,2025-11/A6,工业用电,237.078,235.926,-0.243
1A,2025-01/A7,工业用电,87.967,87.54,-0.243
1A,2025-12/A3,居民用电,203.722,202.736,-0.242
1A,2025-03/A4,终端用电合计,934.326,930.947,-0.241
1A,2025-03/A4,工业用电,644.98,641.878,-0.241
1B,2025-01/E04,受端电量,225.593,224.233,-0.241
1A,2025-09/A1,建筑服务用电,385.811,383.964,-0.239
1B,2025-03/E11,受端电量,91.467,92.01,0.238
1A,2025-01/A6,火电发电量,164.866,165.641,0.235
1A,2025-04/A5,居民用电,191.076,190.178,-0.235
1A,2025-04/A1,建筑服务用电,343.708,342.096,-0.234
1A,2025-06/A1,建筑服务用电,370.057,368.324,-0.234
1A,2025-08/A7,工业用电,95.102,94.66,-0.232
1A,2025-01/A3,居民用电,242.01,240.894,-0.231
1A,2025-11/A1,工业用电,322.607,321.123,-0.23
1A,2025-05/A1,工业用电,351.295,349.681,-0.23
2A,A7,工业用电量,953.226,956.492,0.228
1A,2025-11/A8,居民用电,102.201,101.736,-0.227
1B,2025-01/E05,送端电量,675.499,679.296,0.225
1A,2025-05/A5,终端用电合计,410.172,408.786,-0.225
2A,A7,本地发电量,2827.912,2837.387,0.223
1A,2025-01/A6,终端用电合计,692.225,689.911,-0.223
1A,2025-11/A6,终端用电合计,543.958,542.148,-0.222
1A,2025-05/A1,建筑服务用电,348.079,346.535,-0.222
1A,2025-02/A8,居民用电,117.567,117.045,-0.222
1B,2025-07/E05,受端电量,623.614,627.073,0.222
1A,2025-04/A3,居民用电,207.136,206.222,-0.221
1A,2025-11/A1,建筑服务用电,317.647,316.243,-0.221
1A,2025-08/A8,居民用电,135.425,134.825,-0.221
1A,2025-07/A1,省外输入电量,970.434,974.697,0.22
1A,2025-05/A8,居民用电,111.662,111.171,-0.22
1A,2025-02/A8,水电发电量,71.29,71.602,0.218
1A,2025-04/A5,终端用电合计,401.536,400.231,-0.217
1A,2025-02/A1,居民用电,390.522,388.831,-0.217
1A,2025-09/A5,居民用电,212.093,211.175,-0.216
1A,2025-10/A3,居民用电,214.62,213.695,-0.215
1A,2025-11/A7,风电发电量,36.95,37.165,0.215
1A,2025-02/A7,工业用电,79.773,79.431,-0.215
1A,2025-11/A7,火电发电量,23.974,24.189,0.215
1A,2025-11/A7,光伏发电量,18.472,18.686,0.215
1A,2025-08/A1,建筑服务用电,506.725,504.558,-0.214
1B,2025-10/E10,送端电量,189.459,188.446,-0.214
1A,2025-12/A1,居民用电,364.298,362.747,-0.213
1A,2025-01/A1,居民用电,437.821,435.956,-0.213
1A,2025-02/A1,建筑服务用电,380.301,378.697,-0.211
1B,2025-04/E10,受端电量,56.243,56.538,0.21
1A,2025-03/A1,工业用电,360.624,359.111,-0.21
1A,2025-03/A1,居民用电,371.403,369.845,-0.21
1A,2025-07/A3,居民用电,233.223,232.245,-0.21
1A,2025-02/A1,工业用电,365.656,364.128,-0.209
1A,2025-05/A3,居民用电,220.233,219.314,-0.208
1A,2025-09/A3,居民用电,233.928,232.959,-0.207
1A,2025-08/A3,居民用电,249.872,248.839,-0.207
1A,2025-08/A5,居民用电,244.994,243.986,-0.206
1A,2025-12/A1,工业用电,342.683,341.271,-0.206
1A,2025-12/A8,居民用电,110.797,110.34,-0.206
1A,2025-12/A1,建筑服务用电,352.373,350.922,-0.206
1A,2025-03/A3,居民用电,208.726,207.871,-0.205
1A,2025-10/A1,工业用电,366.601,365.099,-0.205
1A,2025-10/A7,工业用电,77.881,77.562,-0.205
1A,2025-09/A8,居民用电,113.647,113.181,-0.205
1A,2025-01/A7,风电发电量,42.927,43.131,0.204
1A,2025-01/A7,光伏发电量,18.381,18.584,0.204
1A,2025-01/A7,火电发电量,27.365,27.569,0.204
1A,2025-01/A1,建筑服务用电,418.313,416.61,-0.204
1A,2025-01/A1,工业用电,404.725,403.075,-0.204
1A,2025-08/A1,工业用电,463.049,461.166,-0.203
1A,2025-10/A1,居民用电,374.783,373.261,-0.203
1B,2025-03/E03,受端电量,150.93,151.691,0.202
1B,2025-04/E08,送端电量,57.093,56.804,-0.202
1A,2025-03/A7,工业用电,76.327,76.018,-0.202
1A,2025-11/A2,省外输入电量,149.281,149.883,0.202
1A,2025-02/A3,工业用电,175.293,174.589,-0.201
1A,2025-09/A7,工业用电,84.879,84.537,-0.201
1A,2025-02/A7,风电发电量,41.323,41.522,0.199
1A,2025-02/A7,火电发电量,26.175,26.374,0.199
1A,2025-02/A7,光伏发电量,20.043,20.242,0.199
1B,2025-04/E05,受端电量,531.224,533.859,0.198
1A,2025-06/A2,省外输入电量,154.894,155.506,0.198
1A,2025-12/A7,工业用电,74.377,74.082,-0.198
1A,2025-12/A7,火电发电量,28.12,28.317,0.197
1A,2025-12/A7,光伏发电量,16.979,17.176,0.197
1A,2025-12/A7,风电发电量,41.407,41.604,0.197
1A,2025-03/A7,光伏发电量,24.183,24.379,0.196
1A,2025-03/A7,火电发电量,24.35,24.546,0.196
1A,2025-03/A7,风电发电量,39.494,39.691,0.196
1A,2025-05/A7,工业用电,74.965,74.671,-0.196
1A,2025-05/A7,火电发电量,21.899,22.094,0.195
1A,2025-05/A7,风电发电量,28.906,29.101,0.195
2B,E01,年度受端汇总,260.576,259.813,-0.195
1A,2025-10/A7,光伏发电量,24.109,24.303,0.195
1A,2025-10/A7,风电发电量,32.79,32.985,0.195
1A,2025-10/A7,火电发电量,23.021,23.215,0.195
1A,2025-05/A7,光伏发电量,29.872,30.067,0.195
1B,2025-09/E10,送端电量,127.883,127.261,-0.195
1A,2025-12/A8,水电发电量,64.322,64.572,0.194
1A,2025-08/A1,居民用电,460.139,458.352,-0.194
1A,2025-03/A1,建筑服务用电,344.071,342.734,-0.194
1A,2025-11/A3,风电发电量,18.323,18.517,0.193
1A,2025-11/A7,工业用电,67.721,67.46,-0.193
1A,2025-11/A3,光伏发电量,30.632,30.825,0.193
1A,2025-11/A3,水电发电量,5.601,5.794,0.193
1A,2025-09/A5,终端用电合计,450.076,448.778,-0.192
1A,2025-06/A6,居民用电,153.027,152.442,-0.191
1B,2025-12/E04,送端电量,117.354,116.792,-0.191
1A,2025-10/A1,建筑服务用电,350.722,349.39,-0.19
1B,2025-06/E09,受端电量,29.944,30.086,0.19
1A,2025-03/A6,居民用电,131.4,131.894,0.188
1A,2025-04/A8,居民用电,101.716,101.336,-0.187
1B,2025-09/E11,受端电量,38.451,38.629,0.185
1B,2025-12/E04,受端电量,112.747,113.268,0.185
1A,2025-07/A7,工业用电,88.056,87.733,-0.184
1A,2025-11/A8,光伏发电量,15.272,15.455,0.183
1A,2025-11/A8,风电发电量,41.867,42.05,0.183
1B,2025-11/E04,受端电量,44.088,44.289,0.182
1A,2025-12/A3,工业用电,166.232,165.63,-0.181
1B,2025-11/E04,送端电量,45.907,45.7,-0.18
1A,2025-01/A8,居民用电,129.317,128.852,-0.18
1B,2025-02/E11,送端电量,144.699,145.343,0.178
1A,2025-07/A1,火电发电量,331.431,332.596,0.176
1A,2025-08/A5,终端用电合计,524.544,523.158,-0.176
1A,2025-06/A7,工业用电,77.857,77.582,-0.176
1A,2025-06/A3,工业用电,177.96,177.335,-0.176
1A,2025-01/A7,建筑服务用电,72.021,71.768,-0.176
1A,2025-08/A7,建筑服务用电,82.863,82.572,-0.176
1A,2025-08/A7,风电发电量,23.303,23.478,0.175
1A,2025-08/A7,火电发电量,28.024,28.199,0.175
1A,2025-08/A7,光伏发电量,30.255,30.43,0.175
1A,2025-06/A5,火电发电量,37.935,37.761,-0.174
2B,E09,年度送端汇总,139.732,140.098,0.174
1A,2025-06/A5,风电发电量,18.49,18.316,-0.174
1A,2025-06/A2,居民用电,192.749,192.084,-0.173
1A,2025-03/A2,居民用电,162.545,161.981,-0.173
1A,2025-05/A6,居民用电,144.083,143.583,-0.173
1A,2025-03/A8,居民用电,103.454,103.098,-0.172
1A,2025-09/A7,火电发电量,24.51,24.682,0.172
1A,2025-09/A7,风电发电量,29.79,29.962,0.172
1A,2025-05/A2,居民用电,180.967,180.344,-0.172
1A,2025-09/A7,光伏发电量,27.207,27.379,0.172
1A,2025-11/A5,工业用电,111.158,110.777,-0.171
1B,2025-08/E10,送端电量,83.974,84.328,0.169
1A,2025-06/A8,居民用电,116.551,116.161,-0.167
1A,2025-01/A3,工业用电,195.028,194.378,-0.167
1A,2025-04/A3,工业用电,171.703,171.132,-0.166
1A,2025-07/A3,工业用电,207.424,206.735,-0.166
1A,2025-06/A7,风电发电量,24.994,25.159,0.165
1A,2025-06/A7,光伏发电量,31.077,31.242,0.165
1A,2025-11/A5,火电发电量,40.123,40.287,0.165
1A,2025-06/A7,火电发电量,23.111,23.277,0.165
1A,2025-11/A5,风电发电量,27.712,27.876,0.165
1A,2025-11/A5,光伏发电量,12.13,12.294,0.165
1A,2025-03/A6,建筑服务用电,114.853,115.23,0.164
1A,2025-08/A3,工业用电,223.086,222.36,-0.163
1A,2025-07/A8,风电发电量,25.155,25.318,0.163
1A,2025-07/A8,光伏发电量,26.464,26.627,0.163
1A,2025-05/A8,风电发电量,32.935,33.096,0.161
1A,2025-05/A8,光伏发电量,25.069,25.23,0.161
1A,2025-01/A8,水电发电量,71.527,71.755,0.16
2A,A3,工业用电量,2181.273,2176.025,-0.16
1A,2025-02/A2,居民用电,183.971,183.384,-0.159
1A,2025-10/A3,工业用电,174.938,174.384,-0.158
1A,2025-11/A2,居民用电,166.967,166.443,-0.157
2A,A7,省外输入电量,0.0,0.314,0.157
1B,2025-03/E03,送端电量,156.289,155.681,-0.156
1A,2025-12/A5,工业用电,121.174,120.797,-0.156
1A,2025-08/A6,建筑服务用电,171.831,171.297,-0.155
1A,2025-06/A6,建筑服务用电,123.662,123.28,-0.155
1A,2025-04/A2,居民用电,158.447,157.959,-0.154
1A,2025-02/A7,建筑服务用电,64.815,64.616,-0.154
1A,2025-03/A3,工业用电,174.15,173.614,-0.154
1A,2025-02/A8,风电发电量,46.271,46.424,0.153
1A,2025-02/A8,光伏发电量,16.669,16.822,0.153
1A,2025-12/A3,火电发电量,112.167,112.508,0.152
1A,2025-09/A3,工业用电,193.015,192.428,-0.152
1A,2025-08/A6,居民用电,167.398,166.892,-0.151
1A,2025-12/A8,光伏发电量,14.005,14.156,0.151
1A,2025-12/A8,风电发电量,46.461,46.612,0.151
1A,2025-03/A5,工业用电,125.251,124.873,-0.151
1A,2025-02/A3,火电发电量,105.108,105.425,0.151
1A,2025-04/A8,风电发电量,39.175,39.326,0.151
1A,2025-04/A8,光伏发电量,22.561,22.712,0.151
1A,2025-06/A5,建筑服务用电,71.532,71.746,0.149
1A,2025-04/A6,居民用电,129.725,129.341,-0.148
1A,2025-07/A7,火电发电量,26.159,26.306,0.147
1A,2025-09/A8,光伏发电量,22.499,22.646,0.147
1A,2025-07/A7,光伏发电量,31.565,31.712,0.147
1A,2025-07/A7,风电发电量,22.426,22.573,0.147
2A,A6,终端用电量,7644.499,7627.682,-0.147
1A,2025-09/A8,风电发电量,33.782,33.929,0.147
1A,2025-10/A6,居民用电,132.878,132.49,-0.146
1A,2025-12/A7,建筑服务用电,61.601,61.423,-0.145
1A,2025-11/A3,交通用电,51.325,51.176,-0.145
1A,2025-10/A5,工业用电,127.026,126.656,-0.145
1A,2025-05/A3,工业用电,169.801,169.312,-0.144
1B,2025-12/E05,受端电量,529.576,531.488,0.144
1A,2025-02/A5,工业用电,129.258,128.888,-0.143
1A,2025-12/A5,火电发电量,46.529,46.672,0.142
1A,2025-05/A6,建筑服务用电,117.993,117.658,-0.142
2B,E01,年度送端汇总,264.49,265.053,0.142
1A,2025-12/A5,光伏发电量,11.204,11.347,0.142
1A,2025-12/A5,风电发电量,31.024,31.166,0.142
1A,2025-07/A6,建筑服务用电,158.647,158.195,-0.142
1A,2025-07/A1,终端用电合计,1412.043,1409.058,-0.141
1B,2025-09/E05,送端电量,657.209,654.934,-0.139
1A,2025-12/A6,居民用电,135.155,134.779,-0.139
1B,2025-01/E03,送端电量,95.655,95.323,-0.139
1B,2025-07/E08,送端电量,44.846,45.002,0.139
1A,2025-09/A6,居民用电,141.593,141.2,-0.139
1A,2025-07/A6,居民用电,155.177,154.745,-0.139
1A,2025-03/A2,建筑服务用电,129.801,129.442,-0.139
1A,2025-07/A2,居民用电,195.511,194.966,-0.139
1A,2025-07/A7,建筑服务用电,78.098,77.883,-0.138
1A,2025-02/A6,居民用电,144.683,144.284,-0.138
2B,E09,年度受端汇总,134.214,134.49,0.137
1A,2025-03/A8,风电发电量,43.826,43.962,0.136
1A,2025-03/A8,光伏发电量,20.278,20.414,0.136
1A,2025-03/A5,风电发电量,29.138,29.273,0.135
1A,2025-05/A7,建筑服务用电,58.528,58.371,-0.135
1A,2025-12/A2,省外输入电量,131.643,132.0,0.135
1A,2025-10/A7,建筑服务用电,58.63,58.471,-0.135
1A,2025-03/A5,火电发电量,40.933,41.069,0.135
1A,2025-01/A5,工业用电,144.633,144.243,-0.135
1A,2025-11/A7,建筑服务用电,53.521,53.377,-0.135
1A,2025-03/A7,建筑服务用电,58.128,57.971,-0.135
1B,2025-02/E11,受端电量,140.127,140.598,0.135
1A,2025-03/A5,光伏发电量,16.51,16.645,0.135
1A,2025-01/A2,居民用电,203.804,203.257,-0.134
1A,2025-07/A8,建筑服务用电,65.733,65.558,-0.133
2A,A8,工业用电量,2313.498,2318.104,0.133
1B,2025-12/E03,受端电量,228.815,228.052,-0.133
1A,2025-08/A2,居民用电,212.273,211.709,-0.133
1A,2025-08/A8,风电发电量,26.648,26.779,0.131
1A,2025-09/A7,建筑服务用电,64.153,63.985,-0.131
1A,2025-08/A8,光伏发电量,25.083,25.214,0.131
1A,2025-10/A5,火电发电量,38.549,38.68,0.13
1A,2025-10/A5,风电发电量,25.073,25.204,0.13
1A,2025-10/A5,光伏发电量,16.297,16.427,0.13
1A,2025-04/A6,建筑服务用电,114.246,113.949,-0.13
1A,2025-11/A6,居民用电,129.765,129.431,-0.129
1A,2025-12/A2,居民用电,172.856,172.41,-0.129
1B,2025-08/E05,受端电量,641.934,644.004,0.129
1A,2025-10/A6,建筑服务用电,117.756,117.451,-0.129
1A,2025-09/A6,建筑服务用电,130.075,129.743,-0.128
2A,A8,省外输入电量,0.0,0.254,0.127
1A,2025-02/A5,光伏发电量,13.383,13.511,0.127
1A,2025-07/A5,居民用电,226.768,226.191,-0.127
1A,2025-11/A5,建筑服务用电,63.453,63.292,-0.127
1A,2025-02/A5,风电发电量,30.593,30.72,0.127
1A,2025-02/A5,火电发电量,43.68,43.808,0.127
1A,2025-11/A7,交通用电,19.041,18.915,-0.126
1A,2025-12/A5,建筑服务用电,71.124,70.946,-0.125
1A,2025-05/A2,建筑服务用电,130.975,130.648,-0.125
1A,2025-12/A6,建筑服务用电,120.348,120.05,-0.124
1A,2025-01/A6,居民用电,159.542,159.146,-0.124
1A,2025-04/A2,建筑服务用电,126.626,126.314,-0.123
1A,2025-06/A2,建筑服务用电,137.597,137.258,-0.123
1B,2025-11/E11,受端电量,94.074,94.363,0.123
1B,2025-10/E05,送端电量,580.596,578.82,-0.122
1B,2025-07/E03,受端电量,132.566,132.161,-0.122
1B,2025-01/E08,受端电量,56.76,56.934,0.122
1A,2025-01/A7,交通用电,24.647,24.525,-0.122
1A,2025-02/A2,建筑服务用电,140.244,139.903,-0.122
1A,2025-07/A2,建筑服务用电,171.045,170.628,-0.122
1A,2025-06/A7,建筑服务用电,62.208,62.057,-0.121
1B,2025-07/E04,受端电量,67.935,67.729,-0.121
1A,2025-07/A1,建筑服务用电,475.806,474.653,-0.121
1B,2025-09/E11,送端电量,40.179,40.058,-0.12
1B,2025-02/E05,送端电量,582.551,580.808,-0.12
1A,2025-02/A6,建筑服务用电,125.978,125.676,-0.12
1A,2025-07/A1,工业用电,436.638,435.603,-0.119
1A,2025-02/A5,建筑服务用电,75.855,75.674,-0.119
1A,2025-02/A7,交通用电,21.912,21.793,-0.118
1B,2025-10/E10,受端电量,184.116,183.578,-0.117
1A,2025-01/A5,建筑服务用电,83.72,83.524,-0.117
1A,2025-12/A7,交通用电,21.073,20.956,-0.117
1A,2025-06/A8,风电发电量,28.303,28.419,0.116
1A,2025-06/A8,光伏发电量,26.192,26.308,0.116
1A,2025-03/A7,交通用电,20.619,20.503,-0.116
1B,2025-09/E03,送端电量,65.858,65.667,-0.116
1A,2025-05/A7,交通用电,20.464,20.349,-0.115
1A,2025-08/A8,建筑服务用电,70.288,70.126,-0.115
1A,2025-08/A2,建筑服务用电,183.73,183.307,-0.115
1A,2025-10/A7,交通用电,20.737,20.622,-0.115
1B,2025-04/E10,送端电量,58.28,58.114,-0.114
1B,2025-11/E01,受端电量,24.675,24.745,0.114
1A,2025-01/A5,风电发电量,31.884,31.996,0.113
1A,2025-01/A5,光伏发电量,12.254,12.367,0.113
1B,2025-06/E03,受端电量,84.123,83.886,-0.113
1A,2025-01/A5,火电发电量,45.871,45.984,0.113
1A,2025-03/A5,建筑服务用电,67.564,67.411,-0.113
1A,2025-10/A2,居民用电,164.075,163.707,-0.112
1A,2025-01/A8,风电发电量,48.823,48.934,0.112
1A,2025-11/A2,建筑服务用电,119.081,118.815,-0.112
1A,2025-01/A8,光伏发电量,15.525,15.637,0.112
1A,2025-11/A8,建筑服务用电,45.787,45.676,-0.111
1A,2025-11/A8,交通用电,20.019,19.907,-0.111
1A,2025-06/A3,火电发电量,92.32,92.523,0.11
1A,2025-01/A3,火电发电量,110.984,111.228,0.11
1A,2025-10/A5,建筑服务用电,68.346,68.195,-0.11
1A,2025-01/A6,建筑服务用电,141.145,140.835,-0.11
1A,2025-03/A6,交通用电,75.948,76.114,0.109
1A,2025-06/A6,风电发电量,15.467,15.575,0.108
1A,2025-06/A6,光伏发电量,45.964,46.071,0.108
1B,2025-02/E03,受端电量,152.629,152.216,-0.108
1B,2025-09/E02,受端电量,20.453,20.398,-0.108
1A,2025-06/A6,水电发电量,25.099,25.207,0.108
1B,2025-01/E05,受端电量,668.805,670.602,0.107
1A,2025-04/A3,火电发电量,91.945,92.141,0.106
1A,2025-11/A6,建筑服务用电,106.516,106.291,-0.106
1A,2025-11/A4,居民用电,155.21,154.88,-0.106
1A,2025-08/A7,交通用电,28.302,28.196,-0.106
1B,2025-01/E04,送端电量,230.046,230.652,0.105
1A,2025-05/A6,水电发电量,22.337,22.441,0.104
1A,2025-05/A6,光伏发电量,45.109,45.213,0.104
1A,2025-05/A6,风电发电量,18.286,18.389,0.104
1A,2025-02/A8,建筑服务用电,55.333,55.217,-0.104
1B,2025-10/E11,送端电量,98.33,98.585,0.104
1A,2025-06/A5,交通用电,21.192,21.296,0.104
1B,2025-08/E06,送端电量,118.405,118.101,-0.103
1A,2025-09/A7,交通用电,24.49,24.388,-0.102
1B,2025-05/E09,送端电量,33.995,33.908,-0.102
1B,2025-03/E04,送端电量,28.564,28.492,-0.102
1B,2025-06/E04,受端电量,160.688,161.096,0.102
1A,2025-06/A4,居民用电,181.372,181.0,-0.102
1A,2025-01/A2,建筑服务用电,154.517,154.202,-0.102
1A,2025-03/A3,火电发电量,98.551,98.75,0.101
1A,2025-07/A8,交通用电,27.74,27.639,-0.101
1A,2025-07/A5,终端用电合计,486.484,485.749,-0.101
1A,2025-06/A6,交通用电,80.645,80.483,-0.101
1B,2025-07/E08,受端电量,43.634,43.523,-0.101
1A,2025-05/A5,火电发电量,36.751,36.851,0.1
1A,2025-05/A5,光伏发电量,20.204,20.304,0.1
1A,2025-03/A6,风电发电量,24.551,24.451,-0.1
1A,2025-03/A6,光伏发电量,35.925,35.826,-0.1
1A,2025-04/A6,水电发电量,16.594,16.693,0.1
1A,2025-04/A6,风电发电量,21.787,21.887,0.1
1A,2025-04/A6,光伏发电量,40.322,40.422,0.1
1A,2025-12/A4,居民用电,161.845,161.521,-0.1
1A,2025-11/A5,交通用电,18.546,18.445,-0.1
1A,2025-03/A6,水电发电量,12.951,12.851,-0.1
1A,2025-05/A5,风电发电量,22.013,22.113,0.1
1A,2025-04/A5,光伏发电量,18.034,18.134,0.099
1A,2025-09/A8,建筑服务用电,54.974,54.865,-0.099
1A,2025-04/A5,火电发电量,38.354,38.453,0.099
1A,2025-04/A5,风电发电量,25.738,25.837,0.099
1A,2025-05/A8,交通用电,21.677,21.579,-0.099
1A,2025-05/A8,建筑服务用电,49.675,49.577,-0.099
2A,A5,省外输入电量,0.0,0.196,0.098
1B,2025-08/E01,受端电量,85.827,85.617,-0.098
1A,2025-08/A6,交通用电,109.006,108.791,-0.098
1A,2025-02/A4,居民用电,172.6,172.262,-0.098
1A,2025-10/A3,火电发电量,92.037,92.218,0.098
1A,2025-12/A2,建筑服务用电,130.981,130.725,-0.098
1A,2025-10/A6,风电发电量,20.956,21.052,0.097
1A,2025-10/A6,光伏发电量,36.209,36.306,0.097
1A,2025-06/A7,交通用电,21.775,21.678,-0.097
1A,2025-10/A6,水电发电量,13.956,14.052,0.097
1A,2025-07/A1,居民用电,375.553,374.835,-0.096
1A,2025-07/A3,火电发电量,105.281,105.484,0.096
1A,2025-12/A8,建筑服务用电,51.537,51.439,-0.096
1A,2025-04/A5,工业用电,123.797,123.562,-0.095
1B,2025-11/E01,送端电量,25.323,25.264,-0.094
1A,2025-02/A8,交通用电,22.838,22.744,-0.094
1A,2025-05/A6,交通用电,77.144,77.001,-0.093
1A,2025-05/A5,工业用电,121.886,121.658,-0.093
1B,2025-01/E03,受端电量,92.635,92.851,0.093
1A,2025-12/A8,交通用电,21.671,21.578,-0.093
1B,2025-01/E08,送端电量,59.028,58.89,-0.093
1B,2025-08/E01,送端电量,87.093,87.294,0.092
1B,2025-10/E03,受端电量,87.651,87.45,-0.092
1B,2025-09/E08,送端电量,45.155,45.259,0.092
1A,2025-04/A8,交通用电,21.171,21.079,-0.092
1A,2025-04/A8,建筑服务用电,48.686,48.594,-0.092
1A,2025-12/A6,风电发电量,26.114,26.204,0.091
1A,2025-12/A6,水电发电量,9.321,9.412,0.091
1A,2025-12/A6,光伏发电量,25.582,25.672,0.091
1B,2025-12/E05,送端电量,537.176,538.396,0.091
1A,2025-07/A6,交通用电,101.803,101.617,-0.091
1A,2025-08/A3,火电发电量,111.903,112.104,0.09
1A,2025-11/A3,省外输入电量,0.0,0.045,0.09
1A,2025-09/A8,交通用电,25.462,25.372,-0.09
1A,2025-09/A6,交通用电,91.593,91.428,-0.09
1A,2025-11/A6,光伏发电量,27.961,28.049,0.088
1A,2025-11/A6,风电发电量,23.576,23.663,0.088
1A,2025-12/A5,交通用电,20.33,20.243,-0.088
1A,2025-07/A7,交通用电,26.703,26.614,-0.088
1A,2025-11/A6,水电发电量,11.089,11.177,0.088
1A,2025-10/A2,建筑服务用电,129.104,128.875,-0.088
1A,2025-09/A6,水电发电量,18.376,18.463,0.087
1A,2025-09/A6,光伏发电量,41.185,41.272,0.087
1A,2025-09/A6,风电发电量,18.459,18.546,0.087
1A,2025-04/A6,交通用电,75.615,75.485,-0.086
1A,2025-07/A4,居民用电,185.405,185.086,-0.086
1A,2025-05/A3,火电发电量,88.23,88.382,0.086
1B,2025-08/E08,受端电量,84.484,84.666,0.086
1A,2025-09/A3,火电发电量,98.155,98.324,0.086
1A,2025-10/A6,交通用电,77.446,77.315,-0.085
1A,2025-02/A6,风电发电量,25.8,25.884,0.085
1A,2025-01/A8,建筑服务用电,60.842,60.739,-0.085
1B,2025-06/E09,送端电量,31.443,31.376,-0.085
1A,2025-02/A6,水电发电量,10.158,10.243,0.085
1A,2025-02/A6,光伏发电量,30.196,30.28,0.085
1A,2025-03/A5,交通用电,20.095,20.012,-0.084
1A,2025-05/A5,建筑服务用电,68.303,68.188,-0.084
2A,A6,工业用电量,3360.297,3364.523,0.084
1A,2025-08/A4,居民用电,201.018,200.681,-0.084
1A,2025-03/A8,交通用电,21.47,21.387,-0.083
1B,2025-09/E02,送端电量,20.701,20.744,0.083
1A,2025-03/A8,建筑服务用电,49.566,49.483,-0.083
1B,2025-10/E04,送端电量,19.685,19.644,-0.082
1B,2025-06/E03,送端电量,85.856,86.032,0.082
1A,2025-08/A8,交通用电,29.832,29.751,-0.082
1A,2025-04/A5,建筑服务用电,66.926,66.816,-0.082
1A,2025-08/A6,水电发电量,24.225,24.306,0.081
1A,2025-08/A6,风电发电量,15.058,15.139,0.081
1A,2025-03/A2,水电发电量,19.352,19.433,0.081
1A,2025-03/A2,光伏发电量,28.609,28.69,0.081
1A,2025-10/A5,交通用电,20.26,20.179,-0.081
1A,2025-03/A2,风电发电量,24.285,24.366,0.081
1A,2025-09/A5,火电发电量,41.107,41.188,0.081
1A,2025-09/A5,风电发电量,22.052,22.133,0.081
1A,2025-09/A5,光伏发电量,18.41,18.491,0.081
1A,2025-08/A6,光伏发电量,44.937,45.018,0.081
1A,2025-07/A6,光伏发电量,47.597,47.677,0.08
1A,2025-07/A6,水电发电量,25.799,25.879,0.08
1B,2025-10/E04,受端电量,18.994,19.035,0.08
1A,2025-08/A5,建筑服务用电,95.433,95.28,-0.08
1A,2025-07/A6,风电发电量,14.079,14.16,0.08
1A,2025-02/A5,交通用电,21.596,21.518,-0.079
1B,2025-05/E03,受端电量,88.569,88.744,0.079
1B,2025-07/E09,受端电量,59.403,59.285,-0.079
1A,2025-01/A4,居民用电,192.743,192.441,-0.078
2A,A3,省外输入电量,0.0,0.157,0.078
1B,2025-04/E01,受端电量,5.636,5.675,0.078
1A,2025-12/A6,交通用电,75.248,75.131,-0.077
1A,2025-09/A5,工业用电,138.159,137.948,-0.077
1A,2025-09/A5,建筑服务用电,75.971,75.853,-0.077
1A,2025-02/A6,交通用电,81.11,80.984,-0.077
1B,2025-03/E04,受端电量,27.563,27.615,0.075
1B,2025-07/E01,送端电量,70.157,70.027,-0.074
1A,2025-06/A8,建筑服务用电,51.877,51.8,-0.074
1B,2025-06/E08,送端电量,11.707,11.744,0.074
1B,2025-06/E02,受端电量,11.145,11.108,-0.074
1A,2025-02/A3,交通用电,58.844,58.758,-0.073
1A,2025-04/A2,光伏发电量,31.474,31.546,0.073
1A,2025-04/A2,水电发电量,25.176,25.248,0.073
1A,2025-04/A2,风电发电量,21.782,21.854,0.073
2B,E02,年度受端汇总,65.655,65.728,0.073
1A,2025-02/A3,风电发电量,20.452,20.524,0.072
1A,2025-02/A3,光伏发电量,33.852,33.924,0.072
1A,2025-02/A3,水电发电量,5.07,5.142,0.072
1A,2025-06/A8,交通用电,22.591,22.519,-0.072
1A,2025-01/A6,水电发电量,10.28,10.351,0.071
1A,2025-01/A6,光伏发电量,27.921,27.992,0.071
1A,2025-01/A6,风电发电量,27.0,27.071,0.071
1A,2025-11/A7,省外输入电量,0.0,0.035,0.071
1A,2025-11/A6,交通用电,70.598,70.499,-0.07
1A,2025-04/A4,居民用电,140.773,140.576,-0.07
1A,2025-01/A5,交通用电,23.901,23.831,-0.07
1B,2025-01/E02,送端电量,15.948,15.913,-0.07
1A,2025-05/A2,水电发电量,33.542,33.611,0.07
1A,2025-05/A2,风电发电量,18.325,18.395,0.07
1A,2025-05/A2,光伏发电量,34.548,34.618,0.07
1B,2025-09/E08,受端电量,43.847,43.771,-0.07
1A,2025-09/A4,居民用电,154.543,154.327,-0.07
1A,2025-01/A8,交通用电,25.187,25.117,-0.07
1A,2025-11/A2,水电发电量,16.633,16.702,0.069
1A,2025-11/A2,光伏发电量,21.428,21.497,0.069
1A,2025-01/A6,交通用电,88.548,88.427,-0.069
1A,2025-09/A1,交通用电,111.087,110.933,-0.069
2A,A2,终端用电量,10431.187,10420.372,-0.069
1A,2025-11/A2,风电发电量,23.446,23.514,0.069
1A,2025-12/A3,水电发电量,4.621,4.688,0.068
1A,2025-12/A3,光伏发电量,28.492,28.56,0.068
1A,2025-12/A3,风电发电量,20.989,21.057,0.068
2B,E06,年度送端汇总,189.814,189.622,-0.067
1A,2025-07/A3,交通用电,74.781,74.68,-0.067
1A,2025-08/A5,风电发电量,17.732,17.798,0.066
1A,2025-08/A5,火电发电量,46.547,46.613,0.066
1A,2025-08/A3,交通用电,80.376,80.27,-0.066
1A,2025-08/A5,光伏发电量,20.253,20.319,0.066
1A,2025-11/A8,省外输入电量,0.0,0.032,0.065
1A,2025-06/A2,水电发电量,37.687,37.752,0.065
1A,2025-06/A2,光伏发电量,36.56,36.625,0.065
1A,2025-12/A3,交通用电,54.902,54.831,-0.065
1A,2025-06/A2,风电发电量,15.505,15.569,0.065
1A,2025-01/A7,省外输入电量,0.0,0.033,0.065
1A,2025-06/A3,交通用电,58.864,58.789,-0.064
1A,2025-10/A4,居民用电,143.597,143.414,-0.064
1B,2025-01/E10,送端电量,277.957,278.402,0.064
1A,2025-11/A5,省外输入电量,0.0,0.032,0.063
1A,2025-02/A7,省外输入电量,0.0,0.031,0.063
1B,2025-06/E08,受端电量,11.318,11.349,0.063
1A,2025-06/A1,交通用电,99.284,99.16,-0.063
1A,2025-04/A5,交通用电,19.737,19.675,-0.062
1B,2025-11/E03,受端电量,166.887,166.627,-0.062
1A,2025-02/A2,风电发电量,26.012,26.074,0.062
1A,2025-02/A2,光伏发电量,23.315,23.377,0.062
1A,2025-02/A2,水电发电量,15.204,15.267,0.062
1A,2025-05/A5,交通用电,20.369,20.308,-0.062
1B,2025-01/E11,送端电量,121.521,121.71,0.062
1A,2025-04/A1,交通用电,90.809,90.697,-0.062
1A,2025-06/A3,光伏发电量,51.768,51.832,0.062
1A,2025-12/A7,省外输入电量,0.0,0.031,0.062
1A,2025-01/A3,交通用电,65.119,65.038,-0.062
1A,2025-03/A4,居民用电,142.771,142.594,-0.062
1A,2025-05/A7,省外输入电量,0.0,0.03,0.061
1A,2025-10/A7,省外输入电量,0.0,0.03,0.061
1A,2025-03/A7,省外输入电量,0.0,0.031,0.061
1A,2025-03/A2,交通用电,56.598,56.53,-0.06
1A,2025-11/A1,风电发电量,13.965,14.025,0.06
1A,2025-11/A1,水电发电量,11.037,11.097,0.06
1A,2025-06/A3,水电发电量,12.476,12.536,0.06
1A,2025-11/A1,光伏发电量,24.615,24.675,0.06
1B,2025-04/E03,受端电量,129.124,128.929,-0.06
1A,2025-06/A3,风电发电量,12.359,12.418,0.06
1A,2025-11/A4,光伏发电量,18.366,18.426,0.059
1A,2025-11/A4,风电发电量,28.092,28.151,0.059
1A,2025-11/A4,水电发电量,16.719,16.778,0.059
1A,2025-12/A4,建筑服务用电,94.666,94.555,-0.059
1A,2025-04/A1,水电发电量,16.792,16.851,0.059
1A,2025-05/A1,交通用电,92.791,92.681,-0.059
1B,2025-04/E11,送端电量,3.062,3.033,-0.059
1A,2025-04/A1,风电发电量,13.084,13.143,0.059
1A,2025-11/A1,交通用电,84.55,84.451,-0.059
1A,2025-04/A1,光伏发电量,35.664,35.723,0.059
1A,2025-04/A3,水电发电量,8.25,8.307,0.058
1A,2025-04/A3,风电发电量,17.13,17.188,0.058
1A,2025-04/A3,交通用电,54.818,54.754,-0.058
1A,2025-08/A5,工业用电,156.256,156.073,-0.058
1A,2025-11/A4,建筑服务用电,84.946,84.847,-0.058
2A,A1,工业用电量,4528.193,4532.127,0.058
1A,2025-04/A3,光伏发电量,44.752,44.81,0.058
1B,2025-04/E01,送端电量,5.824,5.795,-0.058
1A,2025-09/A3,交通用电,65.94,65.863,-0.058
1A,2025-10/A3,交通用电,56.302,56.239,-0.057
1A,2025-02/A4,建筑服务用电,100.768,100.652,-0.057
1A,2025-05/A1,水电发电量,22.391,22.446,0.056
1A,2025-05/A1,风电发电量,10.911,10.967,0.056
1A,2025-05/A1,光伏发电量,39.317,39.373,0.056
1B,2025-04/E03,送端电量,132.026,132.21,0.056
1B,2025-07/E05,送端电量,636.699,635.804,-0.056
1A,2025-07/A4,建筑服务用电,121.604,121.466,-0.056
1A,2025-08/A1,交通用电,133.199,133.049,-0.056
1A,2025-06/A1,水电发电量,25.024,25.08,0.055
1A,2025-04/A2,交通用电,56.137,56.076,-0.055
1A,2025-06/A1,光伏发电量,41.875,41.93,0.055
1A,2025-08/A4,建筑服务用电,131.538,131.393,-0.055
1A,2025-07/A8,省外输入电量,0.0,0.027,0.055
1B,2025-07/E03,送端电量,135.345,135.53,0.055
1A,2025-06/A1,风电发电量,9.393,9.448,0.055
1A,2025-03/A3,交通用电,55.9,55.839,-0.055
1A,2025-06/A4,建筑服务用电,97.974,97.865,-0.055
1A,2025-05/A2,交通用电,58.284,58.22,-0.055
1A,2025-09/A1,水电发电量,18.567,18.621,0.054
1A,2025-09/A1,光伏发电量,35.811,35.865,0.054
1A,2025-09/A1,风电发电量,11.17,11.225,0.054
1A,2025-05/A8,省外输入电量,0.0,0.027,0.054
1A,2025-06/A2,交通用电,60.531,60.465,-0.054
1A,2025-02/A1,交通用电,97.173,97.069,-0.054
1A,2025-01/A1,交通用电,108.77,108.655,-0.053
1A,2025-12/A1,交通用电,91.001,90.905,-0.053
1A,2025-10/A3,光伏发电量,40.912,40.965,0.053
1A,2025-10/A3,水电发电量,6.979,7.032,0.053
1A,2025-10/A3,风电发电量,16.658,16.711,0.053
1A,2025-12/A4,光伏发电量,16.985,17.038,0.053
1A,2025-12/A4,水电发电量,13.904,13.957,0.053
1A,2025-12/A4,风电发电量,31.013,31.067,0.053
1A,2025-05/A3,交通用电,56.404,56.344,-0.053
1A,2025-12/A2,风电发电量,26.003,26.055,0.052
1B,2025-10/E02,受端电量,10.145,10.119,-0.052
1A,2025-03/A1,交通用电,91.755,91.66,-0.052
1A,2025-12/A2,水电发电量,14.014,14.067,0.052
1A,2025-12/A5,省外输入电量,0.0,0.026,0.052
1A,2025-12/A2,光伏发电量,19.832,19.884,0.052
1A,2025-02/A2,交通用电,59.785,59.723,-0.052
1A,2025-07/A2,交通用电,73.299,73.223,-0.052
1B,2025-12/E01,受端电量,49.976,50.039,0.051
1A,2025-08/A7,省外输入电量,0.0,0.026,0.051
1A,2025-03/A3,风电发电量,19.639,19.69,0.051
1A,2025-12/A1,光伏发电量,22.559,22.61,0.051
1A,2025-03/A3,光伏发电量,40.544,40.596,0.051
1B,2025-12/E03,送端电量,234.048,233.75,-0.051
1A,2025-09/A5,交通用电,23.853,23.802,-0.051
1A,2025-12/A1,风电发电量,15.608,15.659,0.051
1A,2025-10/A1,交通用电,94.735,94.637,-0.051
1A,2025-12/A1,水电发电量,9.302,9.353,0.051
1A,2025-03/A3,水电发电量,6.46,6.511,0.051
1B,2025-11/E11,送端电量,97.526,97.651,0.051
1A,2025-01/A3,光伏发电量,30.681,30.73,0.05
1A,2025-03/A1,光伏发电量,32.432,32.482,0.05
1A,2025-02/A8,省外输入电量,0.0,0.025,0.05
1A,2025-03/A1,风电发电量,14.598,14.648,0.05
1A,2025-03/A1,水电发电量,13.084,13.134,0.05
1A,2025-07/A5,建筑服务用电,89.169,89.079,-0.05
1A,2025-01/A3,水电发电量,5.082,5.131,0.05
1A,2025-01/A3,风电发电量,21.436,21.485,0.05
1A,2025-07/A2,风电发电量,14.001,14.05,0.05
1A,2025-07/A2,水电发电量,39.236,39.285,0.05
1A,2025-07/A2,光伏发电量,37.255,37.304,0.05
1A,2025-02/A1,风电发电量,15.581,15.63,0.049
1A,2025-02/A1,光伏发电量,26.445,26.494,0.049
1A,2025-11/A2,交通用电,52.171,52.12,-0.049
1B,2025-12/E11,送端电量,135.668,135.502,-0.049
1A,2025-12/A8,省外输入电量,0.0,0.024,0.049
1A,2025-09/A7,省外输入电量,0.0,0.025,0.049
1A,2025-02/A1,水电发电量,10.179,10.228,0.049
1A,2025-05/A3,水电发电量,11.058,11.107,0.049
1A,2025-03/A5,省外输入电量,0.0,0.024,0.049
1A,2025-05/A3,光伏发电量,50.25,50.3,0.049
1A,2025-05/A3,风电发电量,14.54,14.589,0.049
1A,2025-04/A8,省外输入电量,0.0,0.024,0.049
1A,2025-08/A2,交通用电,78.406,78.329,-0.049
1A,2025-10/A2,风电发电量,20.93,20.978,0.048
1A,2025-10/A1,水电发电量,13.864,13.912,0.048
1A,2025-10/A2,光伏发电量,28.385,28.433,0.048
1A,2025-02/A4,水电发电量,15.234,15.282,0.048
1A,2025-10/A2,水电发电量,20.773,20.821,0.048
1A,2025-10/A1,光伏发电量,32.087,32.135,0.048
1A,2025-02/A4,光伏发电量,20.062,20.11,0.048
1A,2025-06/A4,风电发电量,18.527,18.575,0.048
1A,2025-06/A4,光伏发电量,31.616,31.664,0.048
1A,2025-06/A4,水电发电量,37.562,37.61,0.048
1A,2025-10/A1,风电发电量,12.446,12.494,0.048
1B,2025-07/E06,送端电量,71.608,71.522,-0.048
1A,2025-07/A3,光伏发电量,52.731,52.782,0.048
1B,2025-04/E05,送端电量,540.545,541.193,0.048
1A,2025-02/A4,风电发电量,30.61,30.658,0.048
2B,E02,年度送端汇总,66.922,66.875,-0.047
1A,2025-09/A8,省外输入电量,0.0,0.024,0.047
1B,2025-02/E04,受端电量,119.637,119.496,-0.047
1B,2025-10/E03,送端电量,89.604,89.707,0.046
1A,2025-07/A3,风电发电量,11.244,11.29,0.046
1A,2025-09/A4,建筑服务用电,102.364,102.269,-0.046
1A,2025-07/A3,水电发电量,13.149,13.195,0.046
1A,2025-06/A7,省外输入电量,0.0,0.023,0.046
1A,2025-10/A5,省外输入电量,0.0,0.023,0.046
1A,2025-01/A4,建筑服务用电,110.88,110.78,-0.045
1A,2025-01/A2,光伏发电量,21.678,21.723,0.045
1A,2025-01/A2,风电发电量,26.909,26.954,0.045
1A,2025-01/A2,水电发电量,15.246,15.291,0.045
1A,2025-02/A5,省外输入电量,0.0,0.022,0.045
1A,2025-04/A4,建筑服务用电,90.402,90.32,-0.045
1A,2025-07/A5,风电发电量,16.818,16.862,0.044
1A,2025-07/A5,火电发电量,44.066,44.109,0.044
1A,2025-07/A5,光伏发电量,21.126,21.169,0.044
1A,2025-01/A1,光伏发电量,24.488,24.532,0.044
1A,2025-01/A1,水电发电量,10.238,10.282,0.044
1A,2025-09/A3,水电发电量,9.269,9.313,0.044
1A,2025-09/A3,风电发电量,14.903,14.947,0.044
1A,2025-01/A1,风电发电量,16.23,16.274,0.044
1A,2025-09/A3,光伏发电量,45.354,45.398,0.044
1A,2025-04/A4,风电发电量,25.885,25.928,0.043
1A,2025-04/A4,水电发电量,25.151,25.194,0.043
1A,2025-04/A4,光伏发电量,26.85,26.893,0.043
1A,2025-01/A2,交通用电,65.361,65.305,-0.043
1A,2025-08/A2,水电发电量,35.89,35.932,0.042
1B,2025-02/E03,送端电量,155.897,156.06,0.042
1A,2025-08/A2,风电发电量,14.847,14.889,0.042
1B,2025-06/E02,送端电量,11.273,11.294,0.042
1A,2025-12/A2,交通用电,56.272,56.224,-0.042
1A,2025-08/A2,光伏发电量,35.658,35.7,0.042
1A,2025-08/A5,交通用电,27.861,27.819,-0.042
1A,2025-03/A8,省外输入电量,0.0,0.021,0.041
1A,2025-10/A4,建筑服务用电,92.987,92.911,-0.041
1A,2025-08/A3,光伏发电量,50.611,50.652,0.041
1A,2025-08/A3,水电发电量,12.183,12.223,0.04
1A,2025-10/A8,工业用电,189.043,188.891,-0.04
1B,2025-01/E02,受端电量,15.604,15.624,0.04
1A,2025-08/A3,风电发电量,12.063,12.103,0.04
1A,2025-03/A4,建筑服务用电,90.756,90.684,-0.04
1A,2025-08/A1,光伏发电量,39.934,39.974,0.039
1A,2025-10/A2,交通用电,56.796,56.752,-0.039
1A,2025-08/A8,省外输入电量,0.0,0.019,0.039
1A,2025-08/A1,水电发电量,24.248,24.287,0.039
1A,2025-07/A4,水电发电量,38.331,38.37,0.039
1A,2025-07/A4,风电发电量,16.899,16.937,0.039
1A,2025-08/A1,风电发电量,9.015,9.054,0.039
1A,2025-07/A4,光伏发电量,31.659,31.698,0.039
1A,2025-09/A4,风电发电量,22.154,22.193,0.038
1A,2025-10/A4,光伏发电量,24.473,24.51,0.038
1A,2025-10/A4,水电发电量,20.902,20.939,0.038
1B,2025-07/E04,送端电量,69.901,69.834,-0.038
1A,2025-10/A4,风电发电量,24.935,24.973,0.038
1A,2025-09/A4,水电发电量,27.718,27.757,0.038
1A,2025-09/A4,光伏发电量,27.141,27.179,0.038
1A,2025-01/A5,省外输入电量,0.0,0.019,0.037
1A,2025-03/A4,光伏发电量,24.289,24.326,0.037
1A,2025-03/A4,风电发电量,29.028,29.065,0.037
1A,2025-07/A7,省外输入电量,0.0,0.018,0.037
1A,2025-03/A4,水电发电量,19.415,19.451,0.037
1A,2025-10/A8,终端用电合计,365.786,365.59,-0.036
1A,2025-11/A4,交通用电,51.392,51.356,-0.035
1B,2025-07/E01,受端电量,68.567,68.628,0.035
1B,2025-08/E09,受端电量,12.591,12.574,-0.034
1A,2025-08/A4,风电发电量,17.641,17.675,0.034
1B,2025-05/E04,受端电量,110.37,110.463,0.034
1A,2025-06/A4,交通用电,59.722,59.681,-0.034
1A,2025-08/A4,水电发电量,36.302,36.336,0.034
1A,2025-12/A4,交通用电,55.221,55.184,-0.034
1A,2025-08/A4,光伏发电量,30.119,30.153,0.034
1A,2025-02/A4,交通用电,58.26,58.222,-0.033
1A,2025-01/A4,风电发电量,32.05,32.083,0.033
1A,2025-01/A4,光伏发电量,18.552,18.586,0.033
1A,2025-01/A4,水电发电量,15.377,15.41,0.033
1A,2025-07/A4,交通用电,71.583,71.536,-0.033
1B,2025-02/E04,送端电量,123.209,123.107,-0.033
1A,2025-08/A4,交通用电,77.126,77.076,-0.032
1A,2025-07/A1,交通用电,124.046,123.968,-0.032
1A,2025-05/A4,省外输入电量,1009.339,1008.684,-0.032
1A,2025-04/A5,省外输入电量,0.0,0.015,0.031
1B,2025-04/E08,受端电量,54.928,54.885,-0.031
1B,2025-12/E10,送端电量,230.452,230.629,0.031
2B,E08,年度受端汇总,314.368,314.222,-0.031
1A,2025-05/A5,省外输入电量,0.0,0.016,0.031
1B,2025-08/E10,受端电量,82.218,82.154,-0.031
1A,2025-06/A8,省外输入电量,0.0,0.016,0.031
1B,2025-11/E03,送端电量,170.966,170.836,-0.03
1A,2025-09/A4,交通用电,66.664,66.624,-0.03
1A,2025-01/A8,省外输入电量,0.0,0.015,0.029
1A,2025-02/A3,省外输入电量,0.0,0.015,0.029
1A,2025-07/A5,交通用电,25.674,25.646,-0.028
1A,2025-12/A3,省外输入电量,0.0,0.014,0.027
1A,2025-07/A1,光伏发电量,42.531,42.557,0.027
1A,2025-04/A4,交通用电,55.25,55.22,-0.027
1A,2025-07/A1,水电发电量,25.689,25.715,0.027
1A,2025-07/A1,风电发电量,8.472,8.498,0.027
1A,2025-01/A4,交通用电,64.515,64.481,-0.026
1B,2025-05/E08,受端电量,19.081,19.094,0.025
1B,2025-08/E05,送端电量,652.492,652.899,0.025
1A,2025-10/A4,交通用电,56.175,56.147,-0.025
1A,2025-03/A4,交通用电,55.818,55.791,-0.024
1A,2025-09/A2,居民用电,175.917,175.831,-0.024
1B,2025-11/E10,送端电量,171.486,171.585,0.023
1A,2025-06/A3,省外输入电量,0.0,0.012,0.023
1B,2025-07/E09,送端电量,61.69,61.723,0.022
1A,2025-04/A3,省外输入电量,0.0,0.011,0.022
1A,2025-09/A5,省外输入电量,0.0,0.011,0.022
1A,2025-10/A8,火电发电量,143.262,143.323,0.022
1B,2025-05/E09,受端电量,32.527,32.544,0.021
1A,2025-09/A2,建筑服务用电,143.411,143.354,-0.02
1B,2025-02/E01,受端电量,10.723,10.733,0.02
1B,2025-10/E02,送端电量,10.283,10.293,0.02
1A,2025-10/A3,省外输入电量,0.0,0.01,0.02
1A,2025-04/A7,工业用电,75.245,75.216,-0.019
1A,2025-03/A3,省外输入电量,0.0,0.01,0.019
1B,2025-05/E02,送端电量,8.641,8.632,-0.019
1B,2025-12/E01,送端电量,51.084,51.06,-0.019
1A,2025-05/A3,省外输入电量,0.0,0.009,0.018
1A,2025-01/A3,省外输入电量,0.0,0.009,0.018
2B,E11,年度送端汇总,736.967,737.169,0.018
1A,2025-07/A3,省外输入电量,0.0,0.008,0.016
1A,2025-09/A3,省外输入电量,0.0,0.008,0.015
1A,2025-08/A3,省外输入电量,0.0,0.007,0.014
1A,2025-07/A5,工业用电,144.873,144.833,-0.014
1B,2025-03/E01,送端电量,14.658,14.665,0.014
1A,2025-08/A5,省外输入电量,0.0,0.007,0.014
1A,2025-10/A8,居民用电,104.604,104.574,-0.014
1A,2025-10/A8,水电发电量,96.237,96.265,0.014
1B,2025-03/E01,受端电量,14.37,14.377,0.013
1B,2025-08/E09,送端电量,13.098,13.091,-0.013
1B,2025-05/E08,送端电量,19.757,19.751,-0.012
1A,2025-04/A7,居民用电,138.517,138.541,0.009
1B,2025-05/E03,送端电量,91.061,91.081,0.009
1A,2025-05/A4,工业用电,630.056,630.172,0.009
1A,2025-09/A2,交通用电,68.521,68.508,-0.009
1A,2025-10/A8,风电发电量,37.16,37.167,0.008
1A,2025-05/A4,居民用电,167.792,167.765,-0.008
1A,2025-10/A8,光伏发电量,20.629,20.636,0.008
1A,2025-10/A8,建筑服务用电,50.278,50.271,-0.007
1A,2025-10/A8,交通用电,21.861,21.854,-0.007
1B,2025-04/E11,受端电量,2.925,2.928,0.007
1A,2025-05/A4,终端用电合计,932.699,932.776,0.006
1A,2025-09/A2,省外输入电量,361.755,361.71,-0.006
1B,2025-05/E02,受端电量,8.483,8.48,-0.006
1A,2025-05/A4,建筑服务用电,92.769,92.76,-0.005
1B,2025-03/E05,送端电量,549.433,549.367,-0.005
1B,2025-09/E03,受端电量,63.956,63.963,0.004
1A,2025-04/A7,建筑服务用电,57.553,57.557,0.004
1A,2025-07/A5,省外输入电量,0.0,0.001,0.003
1A,2025-04/A7,交通用电,20.127,20.13,0.003
1A,2025-09/A2,火电发电量,410.584,410.602,0.002
1A,2025-05/A4,交通用电,42.082,42.079,-0.002
1B,2025-08/E08,送端电量,87.53,87.528,-0.001
1B,2025-02/E01,送端电量,10.949,10.948,-0.001
1A,2025-04/A7,终端用电合计,291.441,291.445,0.001
1B,2025-03/E11,送端电量,95.284,95.286,0.001
1B,2025-05/E07,受端电量,0.0,0.0,0.0
1B,2025-05/E07,送端电量,0.0,0.0,0.0
1B,2025-05/E06,受端电量,0.0,0.0,0.0
1B,2025-05/E06,送端电量,0.0,0.0,0.0
1B,2025-05/E01,送端电量,0.0,0.0,0.0
1B,2025-05/E01,受端电量,0.0,0.0,0.0
1B,2025-04/E09,送端电量,0.0,0.0,0.0
1B,2025-04/E09,受端电量,0.0,0.0,0.0
1B,2025-05/E10,受端电量,0.0,0.0,0.0
1B,2025-05/E11,送端电量,0.0,0.0,0.0
1B,2025-06/E01,送端电量,0.0,0.0,0.0
1B,2025-05/E11,受端电量,0.0,0.0,0.0
1B,2025-05/E10,送端电量,0.0,0.0,0.0
2B,E07,年度受端汇总,0.0,0.0,0.0
1A,2025-05/A4,风电发电量,21.796,21.796,0.0
1A,2025-05/A4,光伏发电量,29.992,29.992,-0.0
1B,2025-12/E08,送端电量,0.0,0.0,0.0
1B,2025-12/E07,受端电量,0.0,0.0,0.0
1B,2025-12/E09,送端电量,0.0,0.0,0.0
1A,2025-05/A4,火电发电量,513.391,513.391,-0.0
2B,E07,年度送端汇总,0.0,0.0,0.0
1B,2025-12/E08,受端电量,0.0,0.0,0.0
1B,2025-12/E09,受端电量,0.0,0.0,0.0
1B,2025-12/E02,送端电量,0.0,0.0,0.0
1B,2025-12/E02,受端电量,0.0,0.0,0.0
1B,2025-12/E06,送端电量,0.0,0.0,0.0
1B,2025-12/E06,受端电量,0.0,0.0,0.0
1B,2025-12/E07,送端电量,0.0,0.0,0.0
1B,2025-04/E04,受端电量,0.0,0.0,0.0
1B,2025-06/E10,送端电量,0.0,0.0,0.0
1B,2025-06/E07,送端电量,0.0,0.0,0.0
1B,2025-06/E07,受端电量,0.0,0.0,0.0
1B,2025-04/E02,受端电量,0.0,0.0,0.0
1B,2025-04/E02,送端电量,0.0,0.0,0.0
1B,2025-03/E09,受端电量,0.0,0.0,0.0
1B,2025-03/E09,送端电量,0.0,0.0,0.0
1A,2025-09/A2,光伏发电量,31.415,31.415,0.0
1B,2025-07/E07,受端电量,0.0,0.0,0.0
1A,2025-04/A7,水电发电量,149.984,149.984,-0.0
1A,2025-04/A7,火电发电量,22.896,22.896,-0.0
1B,2025-07/E11,送端电量,0.0,0.0,0.0
1B,2025-07/E11,受端电量,0.0,0.0,0.0
1B,2025-08/E02,受端电量,0.0,0.0,0.0
1B,2025-08/E02,送端电量,0.0,0.0,0.0
1B,2025-08/E04,送端电量,0.0,0.0,0.0
1B,2025-07/E10,送端电量,0.0,0.0,0.0
1B,2025-07/E10,受端电量,0.0,0.0,0.0
1B,2025-07/E07,送端电量,0.0,0.0,0.0
1B,2025-08/E07,受端电量,0.0,0.0,0.0
1B,2025-04/E04,送端电量,0.0,0.0,0.0
1B,2025-06/E11,送端电量,0.0,0.0,0.0
1B,2025-04/E06,送端电量,0.0,0.0,0.0
1B,2025-04/E07,受端电量,0.0,0.0,0.0
1A,2025-06/A5,省外输入电量,0.0,0.0,0.0
1B,2025-04/E07,送端电量,0.0,0.0,0.0
1B,2025-04/E06,受端电量,0.0,0.0,0.0
1B,2025-07/E02,受端电量,0.0,0.0,0.0
1B,2025-07/E02,送端电量,0.0,0.0,0.0
1B,2025-03/E08,受端电量,0.0,0.0,0.0
1B,2025-06/E10,受端电量,0.0,0.0,0.0
1B,2025-06/E11,受端电量,0.0,0.0,0.0
1B,2025-06/E06,受端电量,0.0,0.0,0.0
1B,2025-06/E06,送端电量,0.0,0.0,0.0
1B,2025-06/E01,受端电量,0.0,0.0,0.0
1B,2025-10/E01,送端电量,0.0,0.0,0.0
1B,2025-09/E09,受端电量,0.0,0.0,0.0
1B,2025-09/E09,送端电量,0.0,0.0,0.0
1B,2025-09/E07,受端电量,0.0,0.0,0.0
1B,2025-09/E06,受端电量,0.0,0.0,0.0
1B,2025-09/E07,送端电量,0.0,0.0,0.0
1B,2025-09/E06,送端电量,0.0,0.0,0.0
1B,2025-09/E04,受端电量,0.0,0.0,0.0
1B,2025-08/E11,送端电量,0.0,0.0,0.0
1B,2025-09/E04,送端电量,0.0,0.0,0.0
1B,2025-09/E01,受端电量,0.0,0.0,0.0
1B,2025-09/E01,送端电量,0.0,0.0,0.0
1B,2025-08/E11,受端电量,0.0,0.0,0.0
1B,2025-08/E04,受端电量,0.0,0.0,0.0
1B,2025-08/E07,送端电量,0.0,0.0,0.0
1B,2025-02/E08,受端电量,0.0,0.0,0.0
1B,2025-03/E06,送端电量,0.0,0.0,0.0
1B,2025-03/E02,受端电量,0.0,0.0,0.0
1B,2025-03/E07,受端电量,0.0,0.0,0.0
1B,2025-03/E06,受端电量,0.0,0.0,0.0
1B,2025-03/E08,送端电量,0.0,0.0,0.0
1B,2025-10/E01,受端电量,0.0,0.0,0.0
1A,2025-09/A2,水电发电量,27.983,27.983,0.0
1B,2025-03/E07,送端电量,0.0,0.0,0.0
1A,2025-09/A2,风电发电量,18.598,18.598,0.0
1B,2025-02/E08,送端电量,0.0,0.0,0.0
1B,2025-02/E07,受端电量,0.0,0.0,0.0
1B,2025-02/E09,受端电量,0.0,0.0,0.0
1B,2025-02/E09,送端电量,0.0,0.0,0.0
1B,2025-03/E02,送端电量,0.0,0.0,0.0
1A,2025-04/A7,省外输入电量,0.0,0.0,0.0
1A,2025-04/A7,光伏发电量,27.156,27.156,-0.0
1B,2025-10/E09,送端电量,0.0,0.0,0.0
1B,2025-10/E08,受端电量,0.0,0.0,0.0
1B,2025-10/E08,送端电量,0.0,0.0,0.0
1B,2025-10/E07,受端电量,0.0,0.0,0.0
1B,2025-10/E07,送端电量,0.0,0.0,0.0
1B,2025-10/E06,受端电量,0.0,0.0,0.0
1B,2025-10/E06,送端电量,0.0,0.0,0.0
1B,2025-10/E09,受端电量,0.0,0.0,0.0
1B,2025-11/E08,送端电量,0.0,0.0,0.0
1B,2025-11/E08,受端电量,0.0,0.0,0.0
1B,2025-11/E02,受端电量,0.0,0.0,0.0
1B,2025-11/E02,送端电量,0.0,0.0,0.0
1B,2025-11/E06,受端电量,0.0,0.0,0.0
1B,2025-11/E07,送端电量,0.0,0.0,0.0
1B,2025-11/E07,受端电量,0.0,0.0,0.0
1B,2025-11/E06,送端电量,0.0,0.0,0.0
1B,2025-02/E06,送端电量,0.0,0.0,0.0
1B,2025-02/E02,受端电量,0.0,0.0,0.0
1B,2025-02/E02,送端电量,0.0,0.0,0.0
1B,2025-01/E09,受端电量,0.0,0.0,0.0
1B,2025-11/E09,送端电量,0.0,0.0,0.0
1B,2025-01/E09,送端电量,0.0,0.0,0.0
1B,2025-02/E06,受端电量,0.0,0.0,0.0
1B,2025-02/E07,送端电量,0.0,0.0,0.0
1B,2025-01/E07,受端电量,0.0,0.0,0.0
1B,2025-01/E07,送端电量,0.0,0.0,0.0
1B,2025-01/E06,受端电量,0.0,0.0,0.0
1B,2025-01/E06,送端电量,0.0,0.0,0.0
1B,2025-01/E01,受端电量,0.0,0.0,0.0
1B,2025-01/E01,送端电量,0.0,0.0,0.0
1A,2025-10/A8,省外输入电量,0.0,0.0,0.0
1B,2025-11/E09,受端电量,0.0,0.0,0.0
